[
  {
    "content": "User: Hi, my name is John\nLucy: Hi John! It’s great to meet you. How are you feeling today?",
    "metadata": {
      "timestamp": "2025-05-26T20:40:00.328702",
      "session_id": "0de03088-5b3f-4e3b-86ed-e88230a0b71a",
      "importance": 0.46,
      "message_id": "2649d8cd-7290-4844-b958-ffe93d5af20a",
      "user_message": "Hi, my name is John",
      "ai_response": "Hi John! It’s great to meet you. How are you feeling today?",
      "topics": [
        "自我介绍",
        "情感状态询问"
      ],
      "emotions": [
        "友好",
        "关心"
      ],
      "user_info": "用户名为John",
      "relationship_stage": "初次见面/建立联系",
      "conversation_type": "寒暄/建立关系",
      "key_insights": "用户主动介绍了自己的名字，AI积极回应并关心用户的情感状态，双方处于初步了解阶段。"
    }
  }
]