[
  {
    "content": "User: hi\nLucy: Hello! What's on your mind today?",
    "metadata": {
      "timestamp": "2025-05-26T17:03:41.937245",
      "session_id": "0e6715a6-308d-4724-8625-3bf4123f9ce9",
      "importance": 0.1,
      "message_id": "650b3299-ea5c-4ae9-bb3b-4c9c778cda66",
      "user_message": "hi",
      "ai_response": "Hello! What's on your mind today?",
      "topics": [],
      "emotions": [],
      "user_info": "",
      "relationship_stage": "初次接触",
      "conversation_type": "寒暄/问候",
      "key_insights": "用户刚刚发起对话，尚未透露具体话题或情绪。"
    }
  }
]