[
  {
    "content": "User: hi\nLucy: Hello! What's on your mind today?",
    "metadata": {
      "timestamp": "2025-05-26T17:11:00.236518",
      "session_id": "910206bc-f529-440c-85c8-57b91adfb15d",
      "importance": 0.08,
      "message_id": "60090391-1f98-4eb4-ab6c-d89bf55d8a32",
      "user_message": "hi",
      "ai_response": "Hello! What's on your mind today?",
      "topics": [],
      "emotions": [],
      "user_info": "",
      "relationship_stage": "初次接触",
      "conversation_type": "寒暄/问候",
      "key_insights": "对话处于开场阶段，尚未涉及具体话题或情绪。"
    }
  }
]