[
  {
    "content": "User: hi\nLucy: Hi! Great to see you again!",
    "metadata": {
      "timestamp": "2025-05-26T17:01:25.347744",
      "session_id": "d1fa331e-bbcb-4bbe-9bfb-6e7634786e94",
      "importance": 0.22,
      "message_id": "88d8b7c6-61b5-44d0-8228-fabc3c084adf",
      "user_message": "hi",
      "ai_response": "Hi! Great to see you again!",
      "topics": [],
      "emotions": [
        "友好",
        "积极"
      ],
      "user_info": null,
      "relationship_stage": "初始/寒暄",
      "conversation_type": "闲聊/问候",
      "key_insights": "对话处于开场阶段，双方互致问候，尚未涉及具体话题或个人信息。"
    }
  },
  {
    "content": "User: bye\nLucy: See you later! Hope you have a great day!",
    "metadata": {
      "timestamp": "2025-05-26T17:01:33.329955",
      "session_id": "d1fa331e-bbcb-4bbe-9bfb-6e7634786e94",
      "importance": 0.22,
      "message_id": "8f6ae113-83c8-4096-bf6f-1f574fc1f151",
      "user_message": "bye",
      "ai_response": "See you later! Hope you have a great day!",
      "topics": [
        "告别"
      ],
      "emotions": [
        "友好",
        "积极"
      ],
      "user_info": null,
      "relationship_stage": "初步/普通交流",
      "conversation_type": "闲聊/日常对话",
      "key_insights": "用户结束对话，AI以积极友好的方式回应，未涉及个人信息。"
    }
  }
]