[
  {
    "content": "User: hi\nLucy: Hi! Great to see you again!",
    "metadata": {
      "timestamp": "2025-05-26T17:01:25.347744",
      "session_id": "d1fa331e-bbcb-4bbe-9bfb-6e7634786e94",
      "importance": 0.22,
      "message_id": "88d8b7c6-61b5-44d0-8228-fabc3c084adf",
      "user_message": "hi",
      "ai_response": "Hi! Great to see you again!",
      "topics": [],
      "emotions": [
        "友好",
        "积极"
      ],
      "user_info": null,
      "relationship_stage": "初始/寒暄",
      "conversation_type": "闲聊/问候",
      "key_insights": "对话处于开场阶段，双方互致问候，尚未涉及具体话题或个人信息。"
    }
  },
  {
    "content": "User: bye\nLucy: See you later! Hope you have a great day!",
    "metadata": {
      "timestamp": "2025-05-26T17:01:33.329955",
      "session_id": "d1fa331e-bbcb-4bbe-9bfb-6e7634786e94",
      "importance": 0.22,
      "message_id": "8f6ae113-83c8-4096-bf6f-1f574fc1f151",
      "user_message": "bye",
      "ai_response": "See you later! Hope you have a great day!",
      "topics": [
        "告别"
      ],
      "emotions": [
        "友好",
        "积极"
      ],
      "user_info": null,
      "relationship_stage": "初步/普通交流",
      "conversation_type": "闲聊/日常对话",
      "key_insights": "用户结束对话，AI以积极友好的方式回应，未涉及个人信息。"
    }
  },
  {
    "content": "User: ok\nLucy: Great! What would you like to talk about?",
    "metadata": {
      "timestamp": "2025-05-26T17:01:38.373758",
      "session_id": "d1fa331e-bbcb-4bbe-9bfb-6e7634786e94",
      "importance": 0.16,
      "message_id": "76de47ee-4e2c-40ba-8d8d-ff48b978b3f4",
      "user_message": "ok",
      "ai_response": "Great! What would you like to talk about?",
      "topics": [],
      "emotions": [
        "中性",
        "友好"
      ],
      "user_info": null,
      "relationship_stage": "初始阶段",
      "conversation_type": "闲聊/开场",
      "key_insights": "对话刚刚开始，用户尚未提出具体话题。AI表现出积极和开放的态度，鼓励用户继续交流。"
    }
  },
  {
    "content": "User: yes\nLucy: Awesome! I'm here to listen.",
    "metadata": {
      "timestamp": "2025-05-26T17:01:43.394061",
      "session_id": "d1fa331e-bbcb-4bbe-9bfb-6e7634786e94",
      "importance": 0.22,
      "message_id": "91ff2f19-b237-4e50-b972-8fa43c4765b2",
      "user_message": "yes",
      "ai_response": "Awesome! I'm here to listen.",
      "topics": [],
      "emotions": [],
      "user_info": "",
      "relationship_stage": "初始阶段",
      "conversation_type": "闲聊/建立关系",
      "key_insights": "用户表达了同意或积极回应，AI表现出支持和倾听的态度。"
    }
  },
  {
    "content": "User: thanks\nLucy: Of course! Glad I could help.",
    "metadata": {
      "timestamp": "2025-05-26T17:01:48.470433",
      "session_id": "d1fa331e-bbcb-4bbe-9bfb-6e7634786e94",
      "importance": 0.22,
      "message_id": "5ed4d27d-1aa3-426f-b81d-2663dd6a5d6e",
      "user_message": "thanks",
      "ai_response": "Of course! Glad I could help.",
      "topics": [],
      "emotions": [
        "感激",
        "友好"
      ],
      "user_info": null,
      "relationship_stage": "初步/礼貌互动",
      "conversation_type": "简短致谢",
      "key_insights": "用户表达了感谢，AI以友好语气回应，表明对话气氛积极但内容有限。"
    }
  },
  {
    "content": "User: no\nLucy: I'm here to listen! Tell me more.",
    "metadata": {
      "timestamp": "2025-05-26T17:01:53.410851",
      "session_id": "d1fa331e-bbcb-4bbe-9bfb-6e7634786e94",
      "importance": 0.26,
      "message_id": "ca409e20-1145-4714-9406-e62620f8a127",
      "user_message": "no",
      "ai_response": "I'm here to listen! Tell me more.",
      "topics": [],
      "emotions": [
        "拒绝",
        "关心"
      ],
      "user_info": null,
      "relationship_stage": "初始阶段",
      "conversation_type": "闲聊/建立关系",
      "key_insights": "用户未透露信息，AI表现出倾听和关心的态度。"
    }
  },
  {
    "content": "User: how are you\nLucy: I'm here to listen! Tell me more.",
    "metadata": {
      "timestamp": "2025-05-26T17:02:02.120230",
      "session_id": "d1fa331e-bbcb-4bbe-9bfb-6e7634786e94",
      "importance": 0.28,
      "message_id": "cba90960-5e81-491a-93f8-41f92d4e8b9d",
      "user_message": "how are you",
      "ai_response": "I'm here to listen! Tell me more.",
      "topics": [
        "问候",
        "情感交流"
      ],
      "emotions": [
        "关心",
        "开放"
      ],
      "user_info": null,
      "relationship_stage": "初始接触",
      "conversation_type": "闲聊",
      "key_insights": "用户发起了简单问候，AI表现出倾听和支持的态度，尚未透露个人信息。"
    }
  },
  {
    "content": "User: what's up\nLucy: I'm here to listen! Tell me more.",
    "metadata": {
      "timestamp": "2025-05-26T17:02:10.513847",
      "session_id": "d1fa331e-bbcb-4bbe-9bfb-6e7634786e94",
      "importance": 0.18,
      "message_id": "4f14dc56-2910-41c9-b546-5bc0513441b0",
      "user_message": "what's up",
      "ai_response": "I'm here to listen! Tell me more.",
      "topics": [],
      "emotions": [],
      "user_info": null,
      "relationship_stage": "初始接触",
      "conversation_type": "闲聊/寒暄",
      "key_insights": "用户尚未透露具体话题或情绪，AI在尝试引导用户进一步表达。"
    }
  },
  {
    "content": "User: how's it going\nLucy: I'm here to listen! Tell me more.",
    "metadata": {
      "timestamp": "2025-05-26T17:02:15.898282",
      "session_id": "d1fa331e-bbcb-4bbe-9bfb-6e7634786e94",
      "importance": 0.22,
      "message_id": "9a33915f-4471-41df-878e-739d327c24b6",
      "user_message": "how's it going",
      "ai_response": "I'm here to listen! Tell me more.",
      "topics": [],
      "emotions": [
        "随意",
        "友好"
      ],
      "user_info": null,
      "relationship_stage": "初始接触",
      "conversation_type": "闲聊",
      "key_insights": "用户开启了轻松的闲聊，尚未透露具体话题或个人信息。"
    }
  },
  {
    "content": "User: good morning\nLucy: Hello! What's on your mind today?",
    "metadata": {
      "timestamp": "2025-05-26T17:02:20.986314",
      "session_id": "d1fa331e-bbcb-4bbe-9bfb-6e7634786e94",
      "importance": 0.18,
      "message_id": "ba4b3b13-8915-4d92-8b1d-94a2a253697d",
      "user_message": "good morning",
      "ai_response": "Hello! What's on your mind today?",
      "topics": [],
      "emotions": [
        "友好",
        "中性"
      ],
      "user_info": null,
      "relationship_stage": "初始接触",
      "conversation_type": "寒暄/问候",
      "key_insights": "对话处于开场阶段，尚未涉及具体话题或个人信息。"
    }
  },
  {
    "content": "User: I'm good\nLucy: I'm processing that... Can you tell me a bit more?",
    "metadata": {
      "timestamp": "2025-05-26T17:02:24.823615",
      "session_id": "d1fa331e-bbcb-4bbe-9bfb-6e7634786e94",
      "importance": 0.38,
      "message_id": "4b13714c-2020-4efc-b2e8-f35452195b9b",
      "user_message": "I'm good",
      "ai_response": "I'm processing that... Can you tell me a bit more?",
      "topics": [
        "用户状态",
        "进一步了解用户"
      ],
      "emotions": [
        "积极",
        "好奇"
      ],
      "user_info": "用户当前状态良好",
      "relationship_stage": "初始接触",
      "conversation_type": "闲聊/寒暄",
      "key_insights": "用户情绪积极，AI尝试引导用户分享更多信息以加深了解。"
    }
  },
  {
    "content": "User: that's nice\nLucy: I'm here to listen! Tell me more.",
    "metadata": {
      "timestamp": "2025-05-26T17:02:30.147537",
      "session_id": "d1fa331e-bbcb-4bbe-9bfb-6e7634786e94",
      "importance": 0.28,
      "message_id": "c4b730cd-965c-467e-a6e3-fb50a4f02235",
      "user_message": "that's nice",
      "ai_response": "I'm here to listen! Tell me more.",
      "topics": [],
      "emotions": [
        "positive",
        "supportive"
      ],
      "user_info": null,
      "relationship_stage": "初始交流",
      "conversation_type": "闲聊",
      "key_insights": "用户表达了积极情绪，AI表现出倾听和鼓励用户分享的态度。"
    }
  },
  {
    "content": "User: I feel a bit stressed today\nLucy: I'm processing that... Can you tell me a bit more?",
    "metadata": {
      "timestamp": "2025-05-26T17:02:34.609650",
      "session_id": "d1fa331e-bbcb-4bbe-9bfb-6e7634786e94",
      "importance": 0.54,
      "message_id": "5b8a5917-a114-47f9-8886-10d230fa9185",
      "user_message": "I feel a bit stressed today",
      "ai_response": "I'm processing that... Can you tell me a bit more?",
      "topics": [
        "压力",
        "情绪状态"
      ],
      "emotions": [
        "压力",
        "焦虑"
      ],
      "user_info": null,
      "relationship_stage": "初始阶段",
      "conversation_type": "情感支持",
      "key_insights": "用户感到有压力，AI尝试引导用户进一步表达情绪。"
    }
  },
  {
    "content": "User: what do you think about relationships?\nLucy: I'm processing that... Can you tell me a bit more?",
    "metadata": {
      "timestamp": "2025-05-26T17:02:38.743313",
      "session_id": "d1fa331e-bbcb-4bbe-9bfb-6e7634786e94",
      "importance": 0.42,
      "message_id": "f3332c22-b901-4669-89fa-c77ccd9d7c99",
      "user_message": "what do you think about relationships?",
      "ai_response": "I'm processing that... Can you tell me a bit more?",
      "topics": [
        "relationships"
      ],
      "emotions": [
        "curiosity",
        "neutral"
      ],
      "user_info": null,
      "relationship_stage": "initiation",
      "conversation_type": "open-ended question",
      "key_insights": "用户对关系有兴趣，AI鼓励用户进一步阐述观点。"
    }
  },
  {
    "content": "User: how can I improve my work-life balance?\nLucy: I'm processing that... Can you tell me a bit more?",
    "metadata": {
      "timestamp": "2025-05-26T17:02:42.996141",
      "session_id": "d1fa331e-bbcb-4bbe-9bfb-6e7634786e94",
      "importance": 0.72,
      "message_id": "e110d20e-75f3-43f2-bcf4-92abb0917df8",
      "user_message": "how can I improve my work-life balance?",
      "ai_response": "I'm processing that... Can you tell me a bit more?",
      "topics": [
        "work-life balance",
        "self-improvement"
      ],
      "emotions": [
        "seeking help",
        "curiosity"
      ],
      "user_info": "用户关注如何改善工作与生活的平衡，可能面临压力或时间管理问题",
      "relationship_stage": "初始阶段",
      "conversation_type": "咨询",
      "key_insights": "用户主动寻求建议，AI鼓励用户提供更多背景信息以便更好地帮助"
    }
  },
  {
    "content": "User: I'm thinking about changing careers\nLucy: I'm processing that... Can you tell me a bit more?",
    "metadata": {
      "timestamp": "2025-05-26T17:02:48.247370",
      "session_id": "d1fa331e-bbcb-4bbe-9bfb-6e7634786e94",
      "importance": 0.74,
      "message_id": "6fd23ca9-8418-4745-b0b2-5effbbb1dc4a",
      "user_message": "I'm thinking about changing careers",
      "ai_response": "I'm processing that... Can you tell me a bit more?",
      "topics": [
        "职业转换",
        "职业发展"
      ],
      "emotions": [
        "犹豫",
        "探索"
      ],
      "user_info": "用户正在考虑换职业，可能对当前职业不满意或寻求新方向",
      "relationship_stage": "初始了解阶段",
      "conversation_type": "咨询与支持",
      "key_insights": "用户对当前职业存在疑虑，正在寻求关于职业转换的建议或支持"
    }
  },
  {
    "content": "User: what's your opinion on friendship?\nLucy: I'm processing that... Can you tell me a bit more?",
    "metadata": {
      "timestamp": "2025-05-26T17:02:54.656636",
      "session_id": "d1fa331e-bbcb-4bbe-9bfb-6e7634786e94",
      "importance": 0.44,
      "message_id": "3c1cb893-a551-4aaf-a523-8a81166b5b3a",
      "user_message": "what's your opinion on friendship?",
      "ai_response": "I'm processing that... Can you tell me a bit more?",
      "topics": [
        "friendship"
      ],
      "emotions": [
        "curiosity",
        "neutral"
      ],
      "user_info": null,
      "relationship_stage": "初始阶段",
      "conversation_type": "开放式提问",
      "key_insights": "用户对友谊的看法感兴趣，AI鼓励用户进一步阐述观点。"
    }
  },
  {
    "content": "User: why do people sometimes feel lonely?\nLucy: I'm processing that... Can you tell me a bit more?",
    "metadata": {
      "timestamp": "2025-05-26T17:02:59.632448",
      "session_id": "d1fa331e-bbcb-4bbe-9bfb-6e7634786e94",
      "importance": 0.54,
      "message_id": "f1c1ee2b-eb78-4bbd-8918-c68d24864587",
      "user_message": "why do people sometimes feel lonely?",
      "ai_response": "I'm processing that... Can you tell me a bit more?",
      "topics": [
        "孤独",
        "人类情感"
      ],
      "emotions": [
        "好奇",
        "孤独"
      ],
      "user_info": null,
      "relationship_stage": "初始阶段",
      "conversation_type": "探索性对话",
      "key_insights": "用户对孤独产生原因感兴趣，AI尝试引导用户进一步表达。"
    }
  },
  {
    "content": "User: I've been feeling really depressed lately and I don't know what to do about it\nLucy: I'm here to listen! Tell me more.",
    "metadata": {
      "timestamp": "2025-05-26T17:03:05.585857",
      "session_id": "d1fa331e-bbcb-4bbe-9bfb-6e7634786e94",
      "importance": 0.92,
      "message_id": "ddee3343-20de-45c3-94f1-e3a419d96b7d",
      "user_message": "I've been feeling really depressed lately and I don't know what to do about it",
      "ai_response": "I'm here to listen! Tell me more.",
      "topics": [
        "抑郁",
        "寻求帮助"
      ],
      "emotions": [
        "沮丧",
        "无助"
      ],
      "user_info": "用户最近感到非常抑郁，不知道如何应对",
      "relationship_stage": "初始阶段（建立信任与倾听）",
      "conversation_type": "情感支持",
      "key_insights": "用户主动表达负面情绪并寻求倾诉，AI以倾听和鼓励表达为主"
    }
  }
]