[
  {
    "content": "User: hi\nLucy: Hi! Great to see you again!",
    "metadata": {
      "timestamp": "2025-05-26T17:12:05.564570",
      "session_id": "01775f37-8567-487d-8634-e7694f8977e0",
      "importance": 0.18,
      "message_id": "4bfb625d-3416-4567-a528-06f640796c01",
      "user_message": "hi",
      "ai_response": "Hi! Great to see you again!",
      "topics": [],
      "emotions": [
        "友好",
        "积极"
      ],
      "user_info": null,
      "relationship_stage": "初始/寒暄",
      "conversation_type": "闲聊/问候",
      "key_insights": "对话处于开场阶段，双方表达友好，没有透露具体话题或个人信息。"
    }
  },
  {
    "content": "User: i'm feeling really depressed\nLucy: I'm sorry to hear that. Would you like to talk about what's been bothering you?",
    "metadata": {
      "timestamp": "2025-05-26T17:12:09.289984",
      "session_id": "01775f37-8567-487d-8634-e7694f8977e0",
      "importance": 0.86,
      "message_id": "c03462d1-843d-4f8e-a1b4-38c728bcbb1a",
      "user_message": "i'm feeling really depressed",
      "ai_response": "I'm sorry to hear that. Would you like to talk about what's been bothering you?",
      "topics": [
        "情绪健康",
        "抑郁"
      ],
      "emotions": [
        "沮丧",
        "关心"
      ],
      "user_info": "用户表达了抑郁的情绪，可能正在经历心理困扰",
      "relationship_stage": "初始建立信任阶段",
      "conversation_type": "情感支持/心理健康对话",
      "key_insights": "用户主动表达负面情绪，AI以关心和开放式问题回应，试图引导用户进一步表达感受"
    }
  },
  {
    "content": "User: i feel stressed about work\nLucy: I'm here to listen. Would you like to talk about what's been on your mind?",
    "metadata": {
      "timestamp": "2025-05-26T17:12:13.846453",
      "session_id": "01775f37-8567-487d-8634-e7694f8977e0",
      "importance": 0.78,
      "message_id": "9958b03a-fa7c-451a-acd2-973ea826142c",
      "user_message": "i feel stressed about work",
      "ai_response": "I'm here to listen. Would you like to talk about what's been on your mind?",
      "topics": [
        "工作压力"
      ],
      "emotions": [
        "压力",
        "焦虑"
      ],
      "user_info": "用户感到工作压力大，可能希望寻求倾诉或支持",
      "relationship_stage": "初步建立信任",
      "conversation_type": "情感支持",
      "key_insights": "用户主动表达压力，AI以倾听和开放式问题回应，促进进一步交流"
    }
  }
]