[
  {
    "content": "User: hi\nLucy: Hello! What's on your mind today?",
    "metadata": {
      "timestamp": "2025-05-26T17:23:46.075483",
      "user_id": "default_user",
      "session_id": "3a8b6ea7-f116-4aac-a8cd-e0af0fdc67d1",
      "type": "simple_conversation",
      "importance": 0.3,
      "word_count": 9
    }
  },
  {
    "content": "User: i feel stressed about work\nLucy: I'm here to listen. What's been causing you stress at work? Let's talk about it.",
    "metadata": {
      "timestamp": "2025-05-26T17:23:46.962441",
      "session_id": "3a8b6ea7-f116-4aac-a8cd-e0af0fdc67d1",
      "importance": 0.72,
      "message_id": "851bfb3d-a625-4e9b-93af-d5300845dd39",
      "user_message": "i feel stressed about work",
      "ai_response": "I'm here to listen. What's been causing you stress at work? Let's talk about it.",
      "topics": [
        "工作",
        "压力管理"
      ],
      "emotions": [
        "压力",
        "焦虑"
      ],
      "user_info": "用户对工作感到有压力，可能在职场中遇到困难",
      "relationship_stage": "初步交流阶段",
      "conversation_type": "情感支持",
      "key_insights": "用户主动表达了工作压力，寻求倾诉和支持"
    }
  }
]