[
  {
    "content": "User: Hi, my name is Sarah\nLucy: Hi Sarah! It’s so nice to see you again. How have you been lately? If there’s anything on your mind—work, life, or just something you want to chat about—I’m here to listen.",
    "metadata": {
      "timestamp": "2025-05-26T21:12:07.393064",
      "session_id": "aeac35bd-aaa6-466b-8183-21d89b100613",
      "importance": 0.54,
      "message_id": "9e4e1341-9e7e-4ea9-a792-c3afcd4fcea5",
      "user_message": "Hi, my name is Sarah",
      "ai_response": "Hi Sarah! It’s so nice to see you again. How have you been lately? If there’s anything on your mind—work, life, or just something you want to chat about—I’m here to listen.",
      "topics": [
        "自我介绍",
        "日常生活"
      ],
      "emotions": [
        "友好",
        "关心"
      ],
      "user_info": "用户名为Sarah",
      "relationship_stage": "熟悉/已有互动历史",
      "conversation_type": "闲聊/寒暄",
      "key_insights": "AI记得用户，表现出持续关注和关心用户近况"
    }
  }
]