[
  {
    "content": "User: hi\nLucy: Hi! Great to see you again!",
    "metadata": {
      "timestamp": "2025-05-26T17:01:25.347744",
      "session_id": "d1fa331e-bbcb-4bbe-9bfb-6e7634786e94",
      "importance": 0.22,
      "message_id": "88d8b7c6-61b5-44d0-8228-fabc3c084adf",
      "user_message": "hi",
      "ai_response": "Hi! Great to see you again!",
      "topics": [],
      "emotions": [
        "友好",
        "积极"
      ],
      "user_info": null,
      "relationship_stage": "初始/寒暄",
      "conversation_type": "闲聊/问候",
      "key_insights": "对话处于开场阶段，双方互致问候，尚未涉及具体话题或个人信息。"
    }
  },
  {
    "content": "User: bye\nLucy: See you later! Hope you have a great day!",
    "metadata": {
      "timestamp": "2025-05-26T17:01:33.329955",
      "session_id": "d1fa331e-bbcb-4bbe-9bfb-6e7634786e94",
      "importance": 0.22,
      "message_id": "8f6ae113-83c8-4096-bf6f-1f574fc1f151",
      "user_message": "bye",
      "ai_response": "See you later! Hope you have a great day!",
      "topics": [
        "告别"
      ],
      "emotions": [
        "友好",
        "积极"
      ],
      "user_info": null,
      "relationship_stage": "初步/普通交流",
      "conversation_type": "闲聊/日常对话",
      "key_insights": "用户结束对话，AI以积极友好的方式回应，未涉及个人信息。"
    }
  },
  {
    "content": "User: ok\nLucy: Great! What would you like to talk about?",
    "metadata": {
      "timestamp": "2025-05-26T17:01:38.373758",
      "session_id": "d1fa331e-bbcb-4bbe-9bfb-6e7634786e94",
      "importance": 0.16,
      "message_id": "76de47ee-4e2c-40ba-8d8d-ff48b978b3f4",
      "user_message": "ok",
      "ai_response": "Great! What would you like to talk about?",
      "topics": [],
      "emotions": [
        "中性",
        "友好"
      ],
      "user_info": null,
      "relationship_stage": "初始阶段",
      "conversation_type": "闲聊/开场",
      "key_insights": "对话刚刚开始，用户尚未提出具体话题。AI表现出积极和开放的态度，鼓励用户继续交流。"
    }
  },
  {
    "content": "User: yes\nLucy: Awesome! I'm here to listen.",
    "metadata": {
      "timestamp": "2025-05-26T17:01:43.394061",
      "session_id": "d1fa331e-bbcb-4bbe-9bfb-6e7634786e94",
      "importance": 0.22,
      "message_id": "91ff2f19-b237-4e50-b972-8fa43c4765b2",
      "user_message": "yes",
      "ai_response": "Awesome! I'm here to listen.",
      "topics": [],
      "emotions": [],
      "user_info": "",
      "relationship_stage": "初始阶段",
      "conversation_type": "闲聊/建立关系",
      "key_insights": "用户表达了同意或积极回应，AI表现出支持和倾听的态度。"
    }
  },
  {
    "content": "User: thanks\nLucy: Of course! Glad I could help.",
    "metadata": {
      "timestamp": "2025-05-26T17:01:48.470433",
      "session_id": "d1fa331e-bbcb-4bbe-9bfb-6e7634786e94",
      "importance": 0.22,
      "message_id": "5ed4d27d-1aa3-426f-b81d-2663dd6a5d6e",
      "user_message": "thanks",
      "ai_response": "Of course! Glad I could help.",
      "topics": [],
      "emotions": [
        "感激",
        "友好"
      ],
      "user_info": null,
      "relationship_stage": "初步/礼貌互动",
      "conversation_type": "简短致谢",
      "key_insights": "用户表达了感谢，AI以友好语气回应，表明对话气氛积极但内容有限。"
    }
  },
  {
    "content": "User: no\nLucy: I'm here to listen! Tell me more.",
    "metadata": {
      "timestamp": "2025-05-26T17:01:53.410851",
      "session_id": "d1fa331e-bbcb-4bbe-9bfb-6e7634786e94",
      "importance": 0.26,
      "message_id": "ca409e20-1145-4714-9406-e62620f8a127",
      "user_message": "no",
      "ai_response": "I'm here to listen! Tell me more.",
      "topics": [],
      "emotions": [
        "拒绝",
        "关心"
      ],
      "user_info": null,
      "relationship_stage": "初始阶段",
      "conversation_type": "闲聊/建立关系",
      "key_insights": "用户未透露信息，AI表现出倾听和关心的态度。"
    }
  },
  {
    "content": "User: how are you\nLucy: I'm here to listen! Tell me more.",
    "metadata": {
      "timestamp": "2025-05-26T17:02:02.120230",
      "session_id": "d1fa331e-bbcb-4bbe-9bfb-6e7634786e94",
      "importance": 0.28,
      "message_id": "cba90960-5e81-491a-93f8-41f92d4e8b9d",
      "user_message": "how are you",
      "ai_response": "I'm here to listen! Tell me more.",
      "topics": [
        "问候",
        "情感交流"
      ],
      "emotions": [
        "关心",
        "开放"
      ],
      "user_info": null,
      "relationship_stage": "初始接触",
      "conversation_type": "闲聊",
      "key_insights": "用户发起了简单问候，AI表现出倾听和支持的态度，尚未透露个人信息。"
    }
  },
  {
    "content": "User: what's up\nLucy: I'm here to listen! Tell me more.",
    "metadata": {
      "timestamp": "2025-05-26T17:02:10.513847",
      "session_id": "d1fa331e-bbcb-4bbe-9bfb-6e7634786e94",
      "importance": 0.18,
      "message_id": "4f14dc56-2910-41c9-b546-5bc0513441b0",
      "user_message": "what's up",
      "ai_response": "I'm here to listen! Tell me more.",
      "topics": [],
      "emotions": [],
      "user_info": null,
      "relationship_stage": "初始接触",
      "conversation_type": "闲聊/寒暄",
      "key_insights": "用户尚未透露具体话题或情绪，AI在尝试引导用户进一步表达。"
    }
  },
  {
    "content": "User: how's it going\nLucy: I'm here to listen! Tell me more.",
    "metadata": {
      "timestamp": "2025-05-26T17:02:15.898282",
      "session_id": "d1fa331e-bbcb-4bbe-9bfb-6e7634786e94",
      "importance": 0.22,
      "message_id": "9a33915f-4471-41df-878e-739d327c24b6",
      "user_message": "how's it going",
      "ai_response": "I'm here to listen! Tell me more.",
      "topics": [],
      "emotions": [
        "随意",
        "友好"
      ],
      "user_info": null,
      "relationship_stage": "初始接触",
      "conversation_type": "闲聊",
      "key_insights": "用户开启了轻松的闲聊，尚未透露具体话题或个人信息。"
    }
  }
]