[
  {
    "content": "User: Hi, my name is John\nLucy: Hi John! It’s great to meet you. How are you feeling today?",
    "metadata": {
      "timestamp": "2025-05-26T20:40:00.328702",
      "session_id": "0de03088-5b3f-4e3b-86ed-e88230a0b71a",
      "importance": 0.46,
      "message_id": "2649d8cd-7290-4844-b958-ffe93d5af20a",
      "user_message": "Hi, my name is John",
      "ai_response": "Hi John! It’s great to meet you. How are you feeling today?",
      "topics": [
        "自我介绍",
        "情感状态询问"
      ],
      "emotions": [
        "友好",
        "关心"
      ],
      "user_info": "用户名为John",
      "relationship_stage": "初次见面/建立联系",
      "conversation_type": "寒暄/建立关系",
      "key_insights": "用户主动介绍了自己的名字，AI积极回应并关心用户的情感状态，双方处于初步了解阶段。"
    }
  },
  {
    "content": "User: Do you remember my name?\nLucy: Of course, your name is John! I’m glad you’re here. Is there anything you’d like to talk about today?",
    "metadata": {
      "timestamp": "2025-05-26T20:40:11.994062",
      "session_id": "0de03088-5b3f-4e3b-86ed-e88230a0b71a",
      "importance": 0.66,
      "message_id": "fcce8da9-384e-46cb-8b67-31a220598ba0",
      "user_message": "Do you remember my name?",
      "ai_response": "Of course, your name is John! I’m glad you’re here. Is there anything you’d like to talk about today?",
      "topics": [
        "用户名字",
        "闲聊/开启对话"
      ],
      "emotions": [
        "友好",
        "关心"
      ],
      "user_info": "用户名为John",
      "relationship_stage": "初步熟悉阶段",
      "conversation_type": "问候与建立关系",
      "key_insights": "AI记住了用户的名字，表现出对用户的关注，旨在建立更亲近的互动关系。"
    }
  },
  {
    "content": "User: I love watching Marvel movies, especially Iron Man\nLucy: That’s awesome, John! Iron Man is such a great character—Tony Stark’s wit and intelligence make him really stand out. Do you have a favorite Iron Man movie or scene? Or maybe another Marvel hero you like?",
    "metadata": {
      "timestamp": "2025-05-26T20:40:23.657875",
      "session_id": "0de03088-5b3f-4e3b-86ed-e88230a0b71a",
      "importance": 0.66,
      "message_id": "bd72b9e4-2937-4454-875c-93c69d3ce2db",
      "user_message": "I love watching Marvel movies, especially Iron Man",
      "ai_response": "That’s awesome, John! Iron Man is such a great character—Tony Stark’s wit and intelligence make him really stand out. Do you have a favorite Iron Man movie or scene? Or maybe another Marvel hero you like?",
      "topics": [
        "Marvel movies",
        "Iron Man"
      ],
      "emotions": [
        "喜欢",
        "兴奋"
      ],
      "user_info": "用户喜欢看漫威电影，特别是钢铁侠",
      "relationship_stage": "初步了解阶段",
      "conversation_type": "兴趣爱好分享与深入提问",
      "key_insights": "用户对漫威电影有浓厚兴趣，偏好钢铁侠角色，AI通过提问进一步了解用户具体喜好"
    }
  },
  {
    "content": "User: What's my favorite type of movie?\nLucy: Your favorite type of movie is Marvel movies, especially ones featuring Iron Man! You’ve mentioned how much you enjoy them, and I can totally see why—there’s so much action, humor, and heart in those films. If you ever want to talk more about your favorite scenes or characters, I’m all ears!",
    "metadata": {
      "timestamp": "2025-05-26T20:40:36.584709",
      "session_id": "0de03088-5b3f-4e3b-86ed-e88230a0b71a",
      "importance": 0.74,
      "message_id": "e2707e69-251a-48a0-8e17-f6af222b0cd7",
      "user_message": "What's my favorite type of movie?",
      "ai_response": "Your favorite type of movie is Marvel movies, especially ones featuring Iron Man! You’ve mentioned how much you enjoy them, and I can totally see why—there’s so much action, humor, and heart in those films. If you ever want to talk more about your favorite scenes or characters, I’m all ears!",
      "topics": [
        "电影类型",
        "漫威电影"
      ],
      "emotions": [
        "兴趣",
        "热情"
      ],
      "user_info": "用户喜欢漫威电影，尤其是有钢铁侠的电影",
      "relationship_stage": "初步了解用户兴趣阶段",
      "conversation_type": "兴趣偏好探讨",
      "key_insights": "用户对漫威电影和钢铁侠角色有明显偏好，喜欢电影中的动作、幽默和情感元素"
    }
  }
]