[
  {
    "content": "User: Hi, my name is Sarah\nLucy: Hi Sarah! It’s wonderful to meet you. How are you feeling today? Is there anything on your mind that you’d like to talk about?",
    "metadata": {
      "timestamp": "2025-05-26T21:11:01.927468",
      "session_id": "cb6eb45d-d83c-4c91-a7b1-36d7157bef22",
      "importance": 0.32,
      "message_id": "d52e31e8-b058-4a73-b862-df11c6b75f16",
      "user_message": "Hi, my name is Sarah",
      "ai_response": "Hi Sarah! It’s wonderful to meet you. How are you feeling today? Is there anything on your mind that you’d like to talk about?",
      "topics": [],
      "emotions": [],
      "user_info": "用户名为Sarah",
      "relationship_stage": "初次见面/建立联系",
      "conversation_type": "寒暄/自我介绍",
      "key_insights": "用户刚刚介绍了自己的名字，AI在主动建立友好关系并邀请用户表达情感或话题。"
    }
  }
]