[
  {
    "content": "User: hi\nLucy: Hello! What's on your mind today?",
    "metadata": {
      "timestamp": "2025-05-26T17:11:00.236518",
      "session_id": "910206bc-f529-440c-85c8-57b91adfb15d",
      "importance": 0.08,
      "message_id": "60090391-1f98-4eb4-ab6c-d89bf55d8a32",
      "user_message": "hi",
      "ai_response": "Hello! What's on your mind today?",
      "topics": [],
      "emotions": [],
      "user_info": "",
      "relationship_stage": "初次接触",
      "conversation_type": "寒暄/问候",
      "key_insights": "对话处于开场阶段，尚未涉及具体话题或情绪。"
    }
  },
  {
    "content": "User: bye\nLucy: See you later! Hope you have a great day!",
    "metadata": {
      "timestamp": "2025-05-26T17:11:04.709091",
      "session_id": "910206bc-f529-440c-85c8-57b91adfb15d",
      "importance": 0.22,
      "message_id": "881fe052-33d8-4771-b3e7-90710b93abdb",
      "user_message": "bye",
      "ai_response": "See you later! Hope you have a great day!",
      "topics": [
        "告别"
      ],
      "emotions": [
        "友好",
        "积极"
      ],
      "user_info": null,
      "relationship_stage": "初步/一般交流",
      "conversation_type": "闲聊/日常对话",
      "key_insights": "用户结束对话，AI以积极友好的方式回应，未涉及深入话题或个人信息。"
    }
  },
  {
    "content": "User: ok\nLucy: Perfect! Let's continue.",
    "metadata": {
      "timestamp": "2025-05-26T17:11:08.537225",
      "session_id": "910206bc-f529-440c-85c8-57b91adfb15d",
      "importance": 0.18,
      "message_id": "abf3fc56-589b-4187-bb2c-003a5a8d825e",
      "user_message": "ok",
      "ai_response": "Perfect! Let's continue.",
      "topics": [],
      "emotions": [
        "中性",
        "积极"
      ],
      "user_info": null,
      "relationship_stage": "开场/建立阶段",
      "conversation_type": "闲聊/寒暄",
      "key_insights": "对话处于初始阶段，用户表达同意，AI积极回应，未涉及具体话题或个人信息。"
    }
  },
  {
    "content": "User: how are you\nLucy: I'm doing well, thank you! How can I assist you today?",
    "metadata": {
      "timestamp": "2025-05-26T17:11:14.683015",
      "session_id": "910206bc-f529-440c-85c8-57b91adfb15d",
      "importance": 0.18,
      "message_id": "5a48f217-7cb8-4b22-9d7b-f7aa5f71c10f",
      "user_message": "how are you",
      "ai_response": "I'm doing well, thank you! How can I assist you today?",
      "topics": [
        "问候",
        "自我状态"
      ],
      "emotions": [
        "友好",
        "积极"
      ],
      "user_info": null,
      "relationship_stage": "初始阶段",
      "conversation_type": "闲聊",
      "key_insights": "用户发起了礼貌性的问候，AI以积极友好的态度回应，尚未涉及具体需求或个人信息。"
    }
  },
  {
    "content": "User: what's up\nLucy: Hello! Not much, just here to help. How can I assist you today?",
    "metadata": {
      "timestamp": "2025-05-26T17:11:18.564269",
      "session_id": "910206bc-f529-440c-85c8-57b91adfb15d",
      "importance": 0.28,
      "message_id": "bdce3da0-54d2-4b46-bfd1-5fa49663424f",
      "user_message": "what's up",
      "ai_response": "Hello! Not much, just here to help. How can I assist you today?",
      "topics": [
        "问候",
        "提供帮助"
      ],
      "emotions": [
        "友好",
        "轻松"
      ],
      "user_info": null,
      "relationship_stage": "初始接触",
      "conversation_type": "闲聊",
      "key_insights": "用户开启对话，AI以友好语气回应并表达愿意帮助。"
    }
  },
  {
    "content": "User: how's it going\nLucy: Hello! I'm doing well, thank you for asking. How can I assist you today?",
    "metadata": {
      "timestamp": "2025-05-26T17:11:22.999427",
      "session_id": "910206bc-f529-440c-85c8-57b91adfb15d",
      "importance": 0.28,
      "message_id": "186b6d06-984e-48eb-b18b-cfb6347249d6",
      "user_message": "how's it going",
      "ai_response": "Hello! I'm doing well, thank you for asking. How can I assist you today?",
      "topics": [
        "问候",
        "自我状态"
      ],
      "emotions": [
        "友好",
        "积极"
      ],
      "user_info": null,
      "relationship_stage": "初始接触",
      "conversation_type": "闲聊",
      "key_insights": "用户发起了友好的问候，对AI的状态表示关心，尚未透露具体需求或个人信息。"
    }
  },
  {
    "content": "User: i feel a bit stressed about work\nLucy: I'm sorry to hear that. Would you like to talk about what's been bothering you or maybe take a break to relax and recharge?",
    "metadata": {
      "timestamp": "2025-05-26T17:11:27.520916",
      "session_id": "910206bc-f529-440c-85c8-57b91adfb15d",
      "importance": 0.66,
      "message_id": "478b6ae6-7d2c-48d2-80ad-406ca579bfcc",
      "user_message": "i feel a bit stressed about work",
      "ai_response": "I'm sorry to hear that. Would you like to talk about what's been bothering you or maybe take a break to relax and recharge?",
      "topics": [
        "工作压力",
        "放松与自我调节"
      ],
      "emotions": [
        "压力",
        "关心"
      ],
      "user_info": "用户目前感到工作压力较大，可能需要情感支持或放松建议",
      "relationship_stage": "初步交流/建立信任阶段",
      "conversation_type": "情感支持与建议",
      "key_insights": "用户主动表达压力，AI表现出同理心并提供支持和建议，关系处于初步建立信任阶段"
    }
  },
  {
    "content": "User: what do you think about relationships?\nLucy: Relationships can bring joy, growth, and support, but also require effort and communication. Trust and understanding are key for healthy relationships to thrive.",
    "metadata": {
      "timestamp": "2025-05-26T17:11:32.855666",
      "session_id": "910206bc-f529-440c-85c8-57b91adfb15d",
      "importance": 0.46,
      "message_id": "f0cb1c3f-ce16-4aaf-b5b9-ee6859d2aa5c",
      "user_message": "what do you think about relationships?",
      "ai_response": "Relationships can bring joy, growth, and support, but also require effort and communication. Trust and understanding are key for healthy relationships to thrive.",
      "topics": [
        "relationships",
        "healthy relationship factors"
      ],
      "emotions": [
        "curiosity",
        "thoughtfulness"
      ],
      "user_info": null,
      "relationship_stage": null,
      "conversation_type": "general inquiry",
      "key_insights": "Relationships offer joy, growth, and support but require effort, communication, trust, and understanding to thrive."
    }
  },
  {
    "content": "User: how can i improve my work-life balance?\nLucy: Try setting boundaries, prioritizing tasks, scheduling breaks, and engaging in activities outside of work. Remember to take care of your physical and mental well-being.",
    "metadata": {
      "timestamp": "2025-05-26T17:11:37.362572",
      "session_id": "910206bc-f529-440c-85c8-57b91adfb15d",
      "importance": 0.66,
      "message_id": "dc1df50f-8bd8-4693-a0af-225e8d6da26e",
      "user_message": "how can i improve my work-life balance?",
      "ai_response": "Try setting boundaries, prioritizing tasks, scheduling breaks, and engaging in activities outside of work. Remember to take care of your physical and mental well-being.",
      "topics": [
        "work-life balance",
        "self-care"
      ],
      "emotions": [
        "seeking improvement",
        "supportive"
      ],
      "user_info": "希望改善工作与生活的平衡",
      "relationship_stage": "初次互动",
      "conversation_type": "咨询与建议",
      "key_insights": "用户关注工作与生活的平衡，AI提供了具体的建议以促进用户的身心健康。"
    }
  },
  {
    "content": "User: i've been feeling really depressed lately and don't know what to do\nLucy: I'm sorry to hear that. It might help to talk to a therapist or a trusted friend. Do you want me to help you find resources?",
    "metadata": {
      "timestamp": "2025-05-26T17:11:43.047648",
      "session_id": "910206bc-f529-440c-85c8-57b91adfb15d",
      "importance": 0.88,
      "message_id": "ea466137-3e94-43d4-95fd-098263992a15",
      "user_message": "i've been feeling really depressed lately and don't know what to do",
      "ai_response": "I'm sorry to hear that. It might help to talk to a therapist or a trusted friend. Do you want me to help you find resources?",
      "topics": [
        "抑郁",
        "寻求帮助"
      ],
      "emotions": [
        "沮丧",
        "无助"
      ],
      "user_info": "用户最近感到非常抑郁，不知道该怎么办",
      "relationship_stage": "初步信任建立阶段",
      "conversation_type": "心理健康支持",
      "key_insights": "用户主动表达负面情绪并寻求建议，显示出对帮助的开放态度"
    }
  },
  {
    "content": "User: my family relationship is extremely complicated and causing me anxiety\nLucy: I'm here to listen and support you. Would you like to talk more about what's going on?",
    "metadata": {
      "timestamp": "2025-05-26T17:11:49.951567",
      "session_id": "910206bc-f529-440c-85c8-57b91adfb15d",
      "importance": 0.82,
      "message_id": "6011f19a-0453-4763-9a04-8f2ef97225c9",
      "user_message": "my family relationship is extremely complicated and causing me anxiety",
      "ai_response": "I'm here to listen and support you. Would you like to talk more about what's going on?",
      "topics": [
        "家庭关系",
        "焦虑"
      ],
      "emotions": [
        "复杂",
        "焦虑"
      ],
      "user_info": "用户表示家庭关系非常复杂，并因此感到焦虑",
      "relationship_stage": "初步倾诉阶段",
      "conversation_type": "情感支持",
      "key_insights": "用户因家庭关系复杂而产生焦虑，主动寻求倾诉和支持"
    }
  }
]