[
  {
    "content": "User: Hi, my name is Sarah\nLucy: Hi Sarah! It’s wonderful to meet you. How are you feeling today? Is there anything on your mind that you’d like to talk about?",
    "metadata": {
      "timestamp": "2025-05-26T21:11:01.927468",
      "session_id": "cb6eb45d-d83c-4c91-a7b1-36d7157bef22",
      "importance": 0.32,
      "message_id": "d52e31e8-b058-4a73-b862-df11c6b75f16",
      "user_message": "Hi, my name is Sarah",
      "ai_response": "Hi Sarah! It’s wonderful to meet you. How are you feeling today? Is there anything on your mind that you’d like to talk about?",
      "topics": [],
      "emotions": [],
      "user_info": "用户名为Sarah",
      "relationship_stage": "初次见面/建立联系",
      "conversation_type": "寒暄/自我介绍",
      "key_insights": "用户刚刚介绍了自己的名字，AI在主动建立友好关系并邀请用户表达情感或话题。"
    }
  },
  {
    "content": "User: I love reading science fiction books\nLucy: That’s awesome, Sarah! Science fiction books can be such a fun escape—there’s so much imagination and possibility in those stories. Do you have a favorite author or book? Or is there a particular kind of sci-fi you enjoy most, like space adventures or stories about the future? I’d love to hear more about what draws you to sci-fi!",
    "metadata": {
      "timestamp": "2025-05-26T21:11:13.781950",
      "session_id": "cb6eb45d-d83c-4c91-a7b1-36d7157bef22",
      "importance": 0.54,
      "message_id": "7242ba80-22cb-42ac-83da-418547ab3792",
      "user_message": "I love reading science fiction books",
      "ai_response": "That’s awesome, Sarah! Science fiction books can be such a fun escape—there’s so much imagination and possibility in those stories. Do you have a favorite author or book? Or is there a particular kind of sci-fi you enjoy most, like space adventures or stories about the future? I’d love to hear more about what draws you to sci-fi!",
      "topics": [
        "科幻小说",
        "阅读偏好"
      ],
      "emotions": [
        "热情",
        "好奇"
      ],
      "user_info": "用户喜欢阅读科幻小说",
      "relationship_stage": "初步了解阶段",
      "conversation_type": "兴趣交流",
      "key_insights": "用户对科幻小说有浓厚兴趣，AI通过提问进一步了解用户的具体偏好"
    }
  },
  {
    "content": "User: I work as a software engineer\nLucy: That’s really cool, Sarah! Being a software engineer must give you a unique perspective when reading science fiction—especially with all the tech and futuristic ideas in those stories. Do you ever find yourself inspired by something you read, or see connections between your work and the books you love? I’d love to hear more about what you enjoy most about your job, or if there’s anything you wish was different about it.",
    "metadata": {
      "timestamp": "2025-05-26T21:11:25.745444",
      "session_id": "cb6eb45d-d83c-4c91-a7b1-36d7157bef22",
      "importance": 0.54,
      "message_id": "7767ca47-4361-4a93-ad3b-53fa669d7516",
      "user_message": "I work as a software engineer",
      "ai_response": "That’s really cool, Sarah! Being a software engineer must give you a unique perspective when reading science fiction—especially with all the tech and futuristic ideas in those stories. Do you ever find yourself inspired by something you read, or see connections between your work and the books you love? I’d love to hear more about what you enjoy most about your job, or if there’s anything you wish was different about it.",
      "topics": [
        "职业（软件工程师）",
        "科幻小说与技术的联系",
        "工作中的灵感与感受"
      ],
      "emotions": [
        "好奇",
        "赞赏"
      ],
      "user_info": "用户是一名软件工程师，对科幻小说和技术有可能的兴趣。",
      "relationship_stage": "初步了解阶段",
      "conversation_type": "闲聊/兴趣探索",
      "key_insights": "AI试图通过用户职业和兴趣建立联系，并鼓励用户分享更多关于工作和兴趣的细节。"
    }
  }
]