[
  {
    "content": "User: hi\nLucy: Hi! Great to see you again!",
    "metadata": {
      "timestamp": "2025-05-26T17:22:56.012006",
      "user_id": "default_user",
      "session_id": "379a4d84-3c0a-485a-912a-74816a1830a1",
      "type": "simple_conversation",
      "importance": 0.3,
      "word_count": 9
    }
  },
  {
    "content": "User: bye\nLucy: Goodbye! Looking forward to our next conversation.",
    "metadata": {
      "timestamp": "2025-05-26T17:22:56.611744",
      "user_id": "default_user",
      "session_id": "379a4d84-3c0a-485a-912a-74816a1830a1",
      "type": "simple_conversation",
      "importance": 0.3,
      "word_count": 10
    }
  },
  {
    "content": "User: ok\nLucy: Perfect! Let's continue.",
    "metadata": {
      "timestamp": "2025-05-26T17:22:57.231280",
      "user_id": "default_user",
      "session_id": "379a4d84-3c0a-485a-912a-74816a1830a1",
      "type": "simple_conversation",
      "importance": 0.3,
      "word_count": 6
    }
  },
  {
    "content": "User: how are you\nLucy: I'm doing well, thank you for asking! How can I assist you today?",
    "metadata": {
      "timestamp": "2025-05-26T17:22:59.142997",
      "user_id": "default_user",
      "session_id": "379a4d84-3c0a-485a-912a-74816a1830a1",
      "type": "simple_conversation",
      "importance": 0.3,
      "word_count": 18
    }
  },
  {
    "content": "User: what's up\nLucy: Hello! Just here, ready to help. How can I assist you today?",
    "metadata": {
      "timestamp": "2025-05-26T17:23:00.331525",
      "user_id": "default_user",
      "session_id": "379a4d84-3c0a-485a-912a-74816a1830a1",
      "type": "simple_conversation",
      "importance": 0.3,
      "word_count": 16
    }
  },
  {
    "content": "User: how's it going\nLucy: All systems are functioning optimally. How can I assist you today?",
    "metadata": {
      "timestamp": "2025-05-26T17:23:01.526692",
      "user_id": "default_user",
      "session_id": "379a4d84-3c0a-485a-912a-74816a1830a1",
      "type": "simple_conversation",
      "importance": 0.3,
      "word_count": 16
    }
  },
  {
    "content": "User: i feel a bit stressed about work\nLucy: It's okay to feel stressed about work. Remember to take breaks and practice self-care. I'm here to support you.",
    "metadata": {
      "timestamp": "2025-05-26T17:23:02.699797",
      "session_id": "379a4d84-3c0a-485a-912a-74816a1830a1",
      "importance": 0.74,
      "message_id": "8603027b-feb9-456b-a9c6-04f944e439c6",
      "user_message": "i feel a bit stressed about work",
      "ai_response": "It's okay to feel stressed about work. Remember to take breaks and practice self-care. I'm here to support you.",
      "topics": [
        "工作压力",
        "自我关怀"
      ],
      "emotions": [
        "压力",
        "关心"
      ],
      "user_info": "用户目前在工作中感到有压力，可能需要情感支持和缓解压力的方法。",
      "relationship_stage": "初步建立信任",
      "conversation_type": "情感支持",
      "key_insights": "用户主动表达了工作压力，AI提供了安慰和自我关怀建议，显示用户可能愿意进一步分享情绪和需求。"
    }
  },
  {
    "content": "User: what do you think about relationships?\nLucy: Relationships can be rewarding but also require effort and communication. It's important to find balance and mutual respect with others.",
    "metadata": {
      "timestamp": "2025-05-26T17:23:11.008543",
      "session_id": "379a4d84-3c0a-485a-912a-74816a1830a1",
      "importance": 0.48,
      "message_id": "6918cb66-3359-4621-81bf-a3a0f1230b96",
      "user_message": "what do you think about relationships?",
      "ai_response": "Relationships can be rewarding but also require effort and communication. It's important to find balance and mutual respect with others.",
      "topics": [
        "relationships",
        "communication"
      ],
      "emotions": [
        "curiosity",
        "thoughtfulness"
      ],
      "user_info": null,
      "relationship_stage": null,
      "conversation_type": "general discussion",
      "key_insights": "Relationships are rewarding but require effort, communication, balance, and mutual respect."
    }
  },
  {
    "content": "User: how can i improve my work-life balance?\nLucy: Try setting boundaries, prioritizing self-care, and scheduling time for activities you enjoy outside of work. Remember to communicate your needs with your employer and loved ones.",
    "metadata": {
      "timestamp": "2025-05-26T17:23:16.972236",
      "session_id": "379a4d84-3c0a-485a-912a-74816a1830a1",
      "importance": 0.76,
      "message_id": "85c84814-9dff-4bf3-9e20-5ad11bec10af",
      "user_message": "how can i improve my work-life balance?",
      "ai_response": "Try setting boundaries, prioritizing self-care, and scheduling time for activities you enjoy outside of work. Remember to communicate your needs with your employer and loved ones.",
      "topics": [
        "工作与生活平衡",
        "自我关怀"
      ],
      "emotions": [
        "关切",
        "支持"
      ],
      "user_info": "用户关注如何改善工作与生活的平衡，可能存在压力或时间管理困扰",
      "relationship_stage": "初始交流阶段",
      "conversation_type": "咨询与建议",
      "key_insights": "用户寻求实际建议以改善工作与生活的平衡，AI提供了设定界限、自我关怀和沟通等具体建议"
    }
  },
  {
    "content": "User: i've been feeling really depressed lately and don't know what to do\nLucy: I'm sorry to hear that you're feeling that way. It's important to remember that you're not alone and there are people who care about you. Have you considered talking to a therapist or counselor about how you're feeling?",
    "metadata": {
      "timestamp": "2025-05-26T17:23:23.382378",
      "session_id": "379a4d84-3c0a-485a-912a-74816a1830a1",
      "importance": 0.92,
      "message_id": "9dee5b61-fe47-4ba9-9543-5c136ef1fc23",
      "user_message": "i've been feeling really depressed lately and don't know what to do",
      "ai_response": "I'm sorry to hear that you're feeling that way. It's important to remember that you're not alone and there are people who care about you. Have you considered talking to a therapist or counselor about how you're feeling?",
      "topics": [
        "抑郁",
        "寻求帮助"
      ],
      "emotions": [
        "沮丧",
        "无助"
      ],
      "user_info": "用户最近感到非常抑郁，不知道该怎么办",
      "relationship_stage": "初始阶段（用户首次表达困扰，AI提供关怀）",
      "conversation_type": "心理健康支持",
      "key_insights": "用户主动表达情绪困扰，可能需要专业心理健康支持；AI建议寻求专业帮助，体现关怀和引导"
    }
  },
  {
    "content": "User: my family relationship is extremely complicated and causing me anxiety\nLucy: I'm sorry to hear that. It sounds like a tough situation. Remember, it's okay to set boundaries and prioritize your own well-being. If you need to talk more about it, I'm here for you.",
    "metadata": {
      "timestamp": "2025-05-26T17:23:31.150755",
      "session_id": "379a4d84-3c0a-485a-912a-74816a1830a1",
      "importance": 0.82,
      "message_id": "7efc03a5-0194-4cf0-a66e-8454eb86ef86",
      "user_message": "my family relationship is extremely complicated and causing me anxiety",
      "ai_response": "I'm sorry to hear that. It sounds like a tough situation. Remember, it's okay to set boundaries and prioritize your own well-being. If you need to talk more about it, I'm here for you.",
      "topics": [
        "家庭关系",
        "焦虑"
      ],
      "emotions": [
        "复杂",
        "焦虑",
        "关心",
        "同理"
      ],
      "user_info": "用户家庭关系复杂，因家庭关系产生焦虑情绪",
      "relationship_stage": "初始阶段（用户首次表达困扰）",
      "conversation_type": "情感支持",
      "key_insights": "用户因家庭关系复杂感到焦虑，寻求情感支持和理解"
    }
  },
  {
    "content": "User: i'm completely overwhelmed by feelings of inadequacy in life\nLucy: It's completely normal to feel overwhelmed at times. Remember, your worth isn't defined by external measures. Take small steps to focus on self-care and self-compassion. You are deserving of love and kindness.",
    "metadata": {
      "timestamp": "2025-05-26T17:23:36.465794",
      "session_id": "379a4d84-3c0a-485a-912a-74816a1830a1",
      "importance": 0.86,
      "message_id": "4f44cd80-5996-4e45-8fd7-7a3cfcbc0301",
      "user_message": "i'm completely overwhelmed by feelings of inadequacy in life",
      "ai_response": "It's completely normal to feel overwhelmed at times. Remember, your worth isn't defined by external measures. Take small steps to focus on self-care and self-compassion. You are deserving of love and kindness.",
      "topics": [
        "自我价值",
        "情绪支持"
      ],
      "emotions": [
        "自卑",
        "不堪重负"
      ],
      "user_info": "用户感到生活中自我价值感不足，情绪低落",
      "relationship_stage": "初始阶段",
      "conversation_type": "情感支持",
      "key_insights": "用户正在经历强烈的自我怀疑和不安，需要情感支持和自我关怀建议"
    }
  }
]