[
  {
    "content": "User: hi\nLucy: Hey there! How's your day going?",
    "metadata": {
      "timestamp": "2025-05-26T17:21:23.131303",
      "user_id": "default_user",
      "session_id": "22562337-74ac-495c-8677-847653e3c8bf",
      "type": "simple_conversation",
      "importance": 0.3,
      "word_count": 9
    }
  },
  {
    "content": "User: how are you\nLucy: I'm doing well, thank you for asking. How can I assist you today?",
    "metadata": {
      "timestamp": "2025-05-26T17:21:24.307256",
      "user_id": "default_user",
      "session_id": "22562337-74ac-495c-8677-847653e3c8bf",
      "type": "simple_conversation",
      "importance": 0.3,
      "word_count": 18
    }
  },
  {
    "content": "User: i'm feeling really depressed\nLucy: I'm sorry to hear that. Do you want to talk about what's bothering you or do something to try and cheer you up?",
    "metadata": {
      "timestamp": "2025-05-26T17:21:24.666834",
      "user_id": "default_user",
      "session_id": "22562337-74ac-495c-8677-847653e3c8bf",
      "type": "simple_conversation",
      "importance": 0.3,
      "word_count": 29
    }
  },
  {
    "content": "User: i feel stressed about work\nLucy: I'm sorry to hear that you're feeling stressed about work. It's important to take care of yourself during times like this. Remember to take breaks, practice self-care, and reach out for support if you need it. Can I help in any way?",
    "metadata": {
      "timestamp": "2025-05-26T17:21:25.008912",
      "session_id": "22562337-74ac-495c-8677-847653e3c8bf",
      "importance": 0.74,
      "message_id": "4258af88-7d78-4fd2-bbed-f05a8f88039c",
      "user_message": "i feel stressed about work",
      "ai_response": "I'm sorry to hear that you're feeling stressed about work. It's important to take care of yourself during times like this. Remember to take breaks, practice self-care, and reach out for support if you need it. Can I help in any way?",
      "topics": [
        "工作压力",
        "自我关怀"
      ],
      "emotions": [
        "压力",
        "关心"
      ],
      "user_info": "用户因工作感到有压力，可能需要支持或建议。",
      "relationship_stage": "初步信任建立阶段",
      "conversation_type": "情感支持",
      "key_insights": "用户主动表达压力，AI提供安慰和建议，表现出关怀和支持。"
    }
  }
]