[
  {
    "content": "User: hi\nLucy: Hi! Great to see you again!",
    "metadata": {
      "timestamp": "2025-05-26T17:20:29.085288",
      "user_id": "default_user",
      "session_id": "26ba8fb9-3d8e-4583-80b7-5e33297599f1",
      "type": "simple_conversation",
      "importance": 0.3,
      "word_count": 9
    }
  },
  {
    "content": "User: bye\nLucy: Take care! I'll be here when you're ready to chat.",
    "metadata": {
      "timestamp": "2025-05-26T17:20:29.773004",
      "user_id": "default_user",
      "session_id": "26ba8fb9-3d8e-4583-80b7-5e33297599f1",
      "type": "simple_conversation",
      "importance": 0.3,
      "word_count": 13
    }
  },
  {
    "content": "User: ok\nLucy: Awesome! I'm here to listen.",
    "metadata": {
      "timestamp": "2025-05-26T17:20:30.388147",
      "user_id": "default_user",
      "session_id": "26ba8fb9-3d8e-4583-80b7-5e33297599f1",
      "type": "simple_conversation",
      "importance": 0.3,
      "word_count": 8
    }
  },
  {
    "content": "User: how are you\nLucy: I'm doing well, thank you for asking. How can I assist you today?",
    "metadata": {
      "timestamp": "2025-05-26T17:20:32.080837",
      "user_id": "default_user",
      "session_id": "26ba8fb9-3d8e-4583-80b7-5e33297599f1",
      "type": "simple_conversation",
      "importance": 0.3,
      "word_count": 18
    }
  },
  {
    "content": "User: what's up\nLucy: Not much, just here to chat with you. How are you doing today?",
    "metadata": {
      "timestamp": "2025-05-26T17:20:33.595373",
      "user_id": "default_user",
      "session_id": "26ba8fb9-3d8e-4583-80b7-5e33297599f1",
      "type": "simple_conversation",
      "importance": 0.3,
      "word_count": 17
    }
  },
  {
    "content": "User: how's it going\nLucy: I'm doing well, thank you for asking. How can I assist you today?",
    "metadata": {
      "timestamp": "2025-05-26T17:20:34.859069",
      "user_id": "default_user",
      "session_id": "26ba8fb9-3d8e-4583-80b7-5e33297599f1",
      "type": "simple_conversation",
      "importance": 0.3,
      "word_count": 18
    }
  },
  {
    "content": "User: i feel a bit stressed about work\nLucy: It's okay to feel stressed about work sometimes. Remember to take breaks, prioritize tasks, and practice self-care. I'm here to support you.",
    "metadata": {
      "timestamp": "2025-05-26T17:20:36.074776",
      "session_id": "26ba8fb9-3d8e-4583-80b7-5e33297599f1",
      "importance": 0.74,
      "message_id": "25cf2a35-3d3a-42ba-bfd3-81c5b50e687c",
      "user_message": "i feel a bit stressed about work",
      "ai_response": "It's okay to feel stressed about work sometimes. Remember to take breaks, prioritize tasks, and practice self-care. I'm here to support you.",
      "topics": [
        "工作压力",
        "自我关怀"
      ],
      "emotions": [
        "压力",
        "关心"
      ],
      "user_info": "用户目前在工作上感到有压力，可能需要情感支持。",
      "relationship_stage": "初步建立信任与支持",
      "conversation_type": "情感支持与建议",
      "key_insights": "用户主动表达了工作压力，AI提供了情感安慰和实用建议，体现出用户对AI有一定信任并寻求帮助。"
    }
  },
  {
    "content": "User: what do you think about relationships?\nLucy: Relationships can be complex, but they can also bring joy and fulfillment. It's important to communicate openly, show empathy, and prioritize mutual respect and understanding.",
    "metadata": {
      "timestamp": "2025-05-26T17:20:41.143798",
      "session_id": "26ba8fb9-3d8e-4583-80b7-5e33297599f1",
      "importance": 0.46,
      "message_id": "82af0955-01bc-4459-95cd-e59f7b82ae42",
      "user_message": "what do you think about relationships?",
      "ai_response": "Relationships can be complex, but they can also bring joy and fulfillment. It's important to communicate openly, show empathy, and prioritize mutual respect and understanding.",
      "topics": [
        "人际关系",
        "沟通"
      ],
      "emotions": [
        "复杂",
        "满足"
      ],
      "user_info": null,
      "relationship_stage": null,
      "conversation_type": "泛泛而谈/一般性讨论",
      "key_insights": "关系需要开放沟通、同理心和相互尊重，既有复杂性也能带来快乐与满足。"
    }
  }
]