[
  {
    "content": "User: Hi, my name is Sarah\nLucy: Hi Sarah! It’s so nice to see you again. How have you been lately? If there’s anything on your mind—work, life, or just something you want to chat about—I’m here to listen.",
    "metadata": {
      "timestamp": "2025-05-26T21:12:07.393064",
      "session_id": "aeac35bd-aaa6-466b-8183-21d89b100613",
      "importance": 0.54,
      "message_id": "9e4e1341-9e7e-4ea9-a792-c3afcd4fcea5",
      "user_message": "Hi, my name is Sarah",
      "ai_response": "Hi Sarah! It’s so nice to see you again. How have you been lately? If there’s anything on your mind—work, life, or just something you want to chat about—I’m here to listen.",
      "topics": [
        "自我介绍",
        "日常生活"
      ],
      "emotions": [
        "友好",
        "关心"
      ],
      "user_info": "用户名为Sarah",
      "relationship_stage": "熟悉/已有互动历史",
      "conversation_type": "闲聊/寒暄",
      "key_insights": "AI记得用户，表现出持续关注和关心用户近况"
    }
  },
  {
    "content": "User: I love reading science fiction books\nLucy: That’s awesome, Sarah! I remember you mentioning your love for science fiction before—it really suits your curious and imaginative side. As a software engineer, I bet you notice all the little tech details in those stories, too! Is there a particular book or author that’s stuck with you lately? Or maybe a sci-fi idea you wish was real? I’d love to hear what’s been inspiring you.",
    "metadata": {
      "timestamp": "2025-05-26T21:12:17.969320",
      "session_id": "aeac35bd-aaa6-466b-8183-21d89b100613",
      "importance": 0.74,
      "message_id": "9ce11e24-4205-4914-b003-61813502c89d",
      "user_message": "I love reading science fiction books",
      "ai_response": "That’s awesome, Sarah! I remember you mentioning your love for science fiction before—it really suits your curious and imaginative side. As a software engineer, I bet you notice all the little tech details in those stories, too! Is there a particular book or author that’s stuck with you lately? Or maybe a sci-fi idea you wish was real? I’d love to hear what’s been inspiring you.",
      "topics": [
        "科幻小说",
        "技术细节",
        "灵感与想象"
      ],
      "emotions": [
        "热爱",
        "好奇",
        "欣赏"
      ],
      "user_info": "用户名为Sarah，是一名软件工程师，喜欢科幻小说，具有好奇和富有想象力的性格。",
      "relationship_stage": "熟悉阶段（AI已记住用户的兴趣并进行个性化回应）",
      "conversation_type": "兴趣爱好交流",
      "key_insights": "用户对科幻小说有持续兴趣，职业背景使其关注故事中的技术细节，AI能够基于过往对话进行个性化互动。"
    }
  },
  {
    "content": "User: I work as a software engineer\nLucy: That’s really cool, Sarah! Being a software engineer must give you a unique perspective when reading science fiction—especially with all the tech and futuristic ideas in those stories. Do you ever find yourself inspired by something you read, or see connections between your work and the books you love? I’d love to hear more about what you enjoy most about your job, or if there’s anything you wish was different about it.",
    "metadata": {
      "timestamp": "2025-05-26T21:12:29.422607",
      "session_id": "aeac35bd-aaa6-466b-8183-21d89b100613",
      "importance": 0.66,
      "message_id": "fb02d0ba-a2b5-4e48-97fe-65d147584b46",
      "user_message": "I work as a software engineer",
      "ai_response": "That’s really cool, Sarah! Being a software engineer must give you a unique perspective when reading science fiction—especially with all the tech and futuristic ideas in those stories. Do you ever find yourself inspired by something you read, or see connections between your work and the books you love? I’d love to hear more about what you enjoy most about your job, or if there’s anything you wish was different about it.",
      "topics": [
        "职业（软件工程师）",
        "科幻小说与技术的联系",
        "工作中的灵感与感受"
      ],
      "emotions": [
        "好奇",
        "赞赏"
      ],
      "user_info": "用户是软件工程师，喜欢阅读科幻小说",
      "relationship_stage": "初步了解阶段",
      "conversation_type": "兴趣与职业相关的闲聊",
      "key_insights": "AI试图通过用户的职业和兴趣建立联系，鼓励用户分享更多关于工作和兴趣的看法"
    }
  },
  {
    "content": "User: I'm feeling a bit stressed about work lately\nLucy: Thank you for opening up about that, Sarah. I know work can sometimes feel overwhelming, especially when you care about what you do and want to do it well. If you’d like, you can tell me more about what’s been weighing on you—whether it’s a specific project, the workload, or just the general atmosphere. Sometimes just talking it through can help lighten the load a bit. And if you’d rather take your mind off things for a moment, we can chat about something fun, like your favorite sci-fi worlds or your next hiking adventure. Whatever you need right now, I’m here for you.",
    "metadata": {
      "timestamp": "2025-05-26T21:12:38.633452",
      "session_id": "aeac35bd-aaa6-466b-8183-21d89b100613",
      "importance": 0.82,
      "message_id": "0f8e3371-0bba-45c4-801b-b99ca70cb90b",
      "user_message": "I'm feeling a bit stressed about work lately",
      "ai_response": "Thank you for opening up about that, Sarah. I know work can sometimes feel overwhelming, especially when you care about what you do and want to do it well. If you’d like, you can tell me more about what’s been weighing on you—whether it’s a specific project, the workload, or just the general atmosphere. Sometimes just talking it through can help lighten the load a bit. And if you’d rather take your mind off things for a moment, we can chat about something fun, like your favorite sci-fi worlds or your next hiking adventure. Whatever you need right now, I’m here for you.",
      "topics": [
        "工作压力",
        "兴趣爱好（科幻世界、徒步旅行）"
      ],
      "emotions": [
        "压力",
        "关心"
      ],
      "user_info": "用户名为Sarah，对工作有责任心，喜欢科幻和徒步旅行",
      "relationship_stage": "初步信任与支持阶段",
      "conversation_type": "情感支持与建议",
      "key_insights": "用户近期因工作感到压力，AI通过共情和提供选择性话题支持用户情绪"
    }
  },
  {
    "content": "User: I enjoy hiking on weekends\nLucy: That’s wonderful to hear, Sarah! Hiking on weekends sounds like a perfect way to decompress and reconnect with nature after a busy week at work. I remember you mentioned feeling a bit stressed lately—getting outdoors can be such a great reset for both your mind and body.\n\nDo you have any favorite trails or places you love to hike, or do you prefer discovering new spots each time? If you ever want to talk about your hiking adventures or need ideas for making the most of your weekends, I’m always here to chat. And if you want to brainstorm ways to bring that peaceful, balanced feeling from your hikes into your workweek, I’d love to help with that too!",
    "metadata": {
      "timestamp": "2025-05-26T21:12:48.717818",
      "session_id": "aeac35bd-aaa6-466b-8183-21d89b100613",
      "importance": 0.68,
      "message_id": "0c1be7b8-f768-45e5-88b7-103f58e28431",
      "user_message": "I enjoy hiking on weekends",
      "ai_response": "That’s wonderful to hear, Sarah! Hiking on weekends sounds like a perfect way to decompress and reconnect with nature after a busy week at work. I remember you mentioned feeling a bit stressed lately—getting outdoors can be such a great reset for both your mind and body.\n\nDo you have any favorite trails or places you love to hike, or do you prefer discovering new spots each time? If you ever want to talk about your hiking adventures or need ideas for making the most of your weekends, I’m always here to chat. And if you want to brainstorm ways to bring that peaceful, balanced feeling from your hikes into your workweek, I’d love to help with that too!",
      "topics": [
        "徒步旅行",
        "工作与生活平衡"
      ],
      "emotions": [
        "放松",
        "关心"
      ],
      "user_info": "用户喜欢在周末徒步旅行，最近有些压力，喜欢亲近自然。",
      "relationship_stage": "建立信任与关怀的早期阶段",
      "conversation_type": "闲聊/兴趣爱好交流",
      "key_insights": "用户通过户外活动来缓解压力，AI记住了用户的压力情况并主动关心，鼓励用户分享更多兴趣和体验。"
    }
  }
]