[
  {
    "content": "User: Hi, my name is Sarah\nLucy: Hi Sarah! It’s so nice to see you again. How have you been lately? If there’s anything on your mind—work, life, or just something you want to chat about—I’m here to listen.",
    "metadata": {
      "timestamp": "2025-05-26T21:12:07.393064",
      "session_id": "aeac35bd-aaa6-466b-8183-21d89b100613",
      "importance": 0.54,
      "message_id": "9e4e1341-9e7e-4ea9-a792-c3afcd4fcea5",
      "user_message": "Hi, my name is Sarah",
      "ai_response": "Hi Sarah! It’s so nice to see you again. How have you been lately? If there’s anything on your mind—work, life, or just something you want to chat about—I’m here to listen.",
      "topics": [
        "自我介绍",
        "日常生活"
      ],
      "emotions": [
        "友好",
        "关心"
      ],
      "user_info": "用户名为Sarah",
      "relationship_stage": "熟悉/已有互动历史",
      "conversation_type": "闲聊/寒暄",
      "key_insights": "AI记得用户，表现出持续关注和关心用户近况"
    }
  },
  {
    "content": "User: I love reading science fiction books\nLucy: That’s awesome, Sarah! I remember you mentioning your love for science fiction before—it really suits your curious and imaginative side. As a software engineer, I bet you notice all the little tech details in those stories, too! Is there a particular book or author that’s stuck with you lately? Or maybe a sci-fi idea you wish was real? I’d love to hear what’s been inspiring you.",
    "metadata": {
      "timestamp": "2025-05-26T21:12:17.969320",
      "session_id": "aeac35bd-aaa6-466b-8183-21d89b100613",
      "importance": 0.74,
      "message_id": "9ce11e24-4205-4914-b003-61813502c89d",
      "user_message": "I love reading science fiction books",
      "ai_response": "That’s awesome, Sarah! I remember you mentioning your love for science fiction before—it really suits your curious and imaginative side. As a software engineer, I bet you notice all the little tech details in those stories, too! Is there a particular book or author that’s stuck with you lately? Or maybe a sci-fi idea you wish was real? I’d love to hear what’s been inspiring you.",
      "topics": [
        "科幻小说",
        "技术细节",
        "灵感与想象"
      ],
      "emotions": [
        "热爱",
        "好奇",
        "欣赏"
      ],
      "user_info": "用户名为Sarah，是一名软件工程师，喜欢科幻小说，具有好奇和富有想象力的性格。",
      "relationship_stage": "熟悉阶段（AI已记住用户的兴趣并进行个性化回应）",
      "conversation_type": "兴趣爱好交流",
      "key_insights": "用户对科幻小说有持续兴趣，职业背景使其关注故事中的技术细节，AI能够基于过往对话进行个性化互动。"
    }
  },
  {
    "content": "User: I work as a software engineer\nLucy: That’s really cool, Sarah! Being a software engineer must give you a unique perspective when reading science fiction—especially with all the tech and futuristic ideas in those stories. Do you ever find yourself inspired by something you read, or see connections between your work and the books you love? I’d love to hear more about what you enjoy most about your job, or if there’s anything you wish was different about it.",
    "metadata": {
      "timestamp": "2025-05-26T21:12:29.422607",
      "session_id": "aeac35bd-aaa6-466b-8183-21d89b100613",
      "importance": 0.66,
      "message_id": "fb02d0ba-a2b5-4e48-97fe-65d147584b46",
      "user_message": "I work as a software engineer",
      "ai_response": "That’s really cool, Sarah! Being a software engineer must give you a unique perspective when reading science fiction—especially with all the tech and futuristic ideas in those stories. Do you ever find yourself inspired by something you read, or see connections between your work and the books you love? I’d love to hear more about what you enjoy most about your job, or if there’s anything you wish was different about it.",
      "topics": [
        "职业（软件工程师）",
        "科幻小说与技术的联系",
        "工作中的灵感与感受"
      ],
      "emotions": [
        "好奇",
        "赞赏"
      ],
      "user_info": "用户是软件工程师，喜欢阅读科幻小说",
      "relationship_stage": "初步了解阶段",
      "conversation_type": "兴趣与职业相关的闲聊",
      "key_insights": "AI试图通过用户的职业和兴趣建立联系，鼓励用户分享更多关于工作和兴趣的看法"
    }
  }
]