[
  {
    "content": "User: hi\nLucy: Hello! What's on your mind today?",
    "metadata": {
      "timestamp": "2025-05-26T17:11:00.236518",
      "session_id": "910206bc-f529-440c-85c8-57b91adfb15d",
      "importance": 0.08,
      "message_id": "60090391-1f98-4eb4-ab6c-d89bf55d8a32",
      "user_message": "hi",
      "ai_response": "Hello! What's on your mind today?",
      "topics": [],
      "emotions": [],
      "user_info": "",
      "relationship_stage": "初次接触",
      "conversation_type": "寒暄/问候",
      "key_insights": "对话处于开场阶段，尚未涉及具体话题或情绪。"
    }
  },
  {
    "content": "User: bye\nLucy: See you later! Hope you have a great day!",
    "metadata": {
      "timestamp": "2025-05-26T17:11:04.709091",
      "session_id": "910206bc-f529-440c-85c8-57b91adfb15d",
      "importance": 0.22,
      "message_id": "881fe052-33d8-4771-b3e7-90710b93abdb",
      "user_message": "bye",
      "ai_response": "See you later! Hope you have a great day!",
      "topics": [
        "告别"
      ],
      "emotions": [
        "友好",
        "积极"
      ],
      "user_info": null,
      "relationship_stage": "初步/一般交流",
      "conversation_type": "闲聊/日常对话",
      "key_insights": "用户结束对话，AI以积极友好的方式回应，未涉及深入话题或个人信息。"
    }
  }
]