[
  {
    "content": "User: Hi, my name is Sarah\nLucy: Hi Sarah! It’s wonderful to meet you. How are you feeling today? Is there anything on your mind that you’d like to talk about?",
    "metadata": {
      "timestamp": "2025-05-26T21:11:01.927468",
      "session_id": "cb6eb45d-d83c-4c91-a7b1-36d7157bef22",
      "importance": 0.32,
      "message_id": "d52e31e8-b058-4a73-b862-df11c6b75f16",
      "user_message": "Hi, my name is Sarah",
      "ai_response": "Hi Sarah! It’s wonderful to meet you. How are you feeling today? Is there anything on your mind that you’d like to talk about?",
      "topics": [],
      "emotions": [],
      "user_info": "用户名为Sarah",
      "relationship_stage": "初次见面/建立联系",
      "conversation_type": "寒暄/自我介绍",
      "key_insights": "用户刚刚介绍了自己的名字，AI在主动建立友好关系并邀请用户表达情感或话题。"
    }
  },
  {
    "content": "User: I love reading science fiction books\nLucy: That’s awesome, Sarah! Science fiction books can be such a fun escape—there’s so much imagination and possibility in those stories. Do you have a favorite author or book? Or is there a particular kind of sci-fi you enjoy most, like space adventures or stories about the future? I’d love to hear more about what draws you to sci-fi!",
    "metadata": {
      "timestamp": "2025-05-26T21:11:13.781950",
      "session_id": "cb6eb45d-d83c-4c91-a7b1-36d7157bef22",
      "importance": 0.54,
      "message_id": "7242ba80-22cb-42ac-83da-418547ab3792",
      "user_message": "I love reading science fiction books",
      "ai_response": "That’s awesome, Sarah! Science fiction books can be such a fun escape—there’s so much imagination and possibility in those stories. Do you have a favorite author or book? Or is there a particular kind of sci-fi you enjoy most, like space adventures or stories about the future? I’d love to hear more about what draws you to sci-fi!",
      "topics": [
        "科幻小说",
        "阅读偏好"
      ],
      "emotions": [
        "热情",
        "好奇"
      ],
      "user_info": "用户喜欢阅读科幻小说",
      "relationship_stage": "初步了解阶段",
      "conversation_type": "兴趣交流",
      "key_insights": "用户对科幻小说有浓厚兴趣，AI通过提问进一步了解用户的具体偏好"
    }
  }
]