[
  {
    "content": "User: hi\nLucy: Hi! Great to see you again!",
    "metadata": {
      "timestamp": "2025-05-26T17:12:05.564570",
      "session_id": "01775f37-8567-487d-8634-e7694f8977e0",
      "importance": 0.18,
      "message_id": "4bfb625d-3416-4567-a528-06f640796c01",
      "user_message": "hi",
      "ai_response": "Hi! Great to see you again!",
      "topics": [],
      "emotions": [
        "友好",
        "积极"
      ],
      "user_info": null,
      "relationship_stage": "初始/寒暄",
      "conversation_type": "闲聊/问候",
      "key_insights": "对话处于开场阶段，双方表达友好，没有透露具体话题或个人信息。"
    }
  }
]