[
  {
    "content": "User: hi\nLucy: Hi! Great to see you again!",
    "metadata": {
      "timestamp": "2025-05-26T17:22:56.012006",
      "user_id": "default_user",
      "session_id": "379a4d84-3c0a-485a-912a-74816a1830a1",
      "type": "simple_conversation",
      "importance": 0.3,
      "word_count": 9
    }
  },
  {
    "content": "User: bye\nLucy: Goodbye! Looking forward to our next conversation.",
    "metadata": {
      "timestamp": "2025-05-26T17:22:56.611744",
      "user_id": "default_user",
      "session_id": "379a4d84-3c0a-485a-912a-74816a1830a1",
      "type": "simple_conversation",
      "importance": 0.3,
      "word_count": 10
    }
  },
  {
    "content": "User: ok\nLucy: Perfect! Let's continue.",
    "metadata": {
      "timestamp": "2025-05-26T17:22:57.231280",
      "user_id": "default_user",
      "session_id": "379a4d84-3c0a-485a-912a-74816a1830a1",
      "type": "simple_conversation",
      "importance": 0.3,
      "word_count": 6
    }
  },
  {
    "content": "User: how are you\nLucy: I'm doing well, thank you for asking! How can I assist you today?",
    "metadata": {
      "timestamp": "2025-05-26T17:22:59.142997",
      "user_id": "default_user",
      "session_id": "379a4d84-3c0a-485a-912a-74816a1830a1",
      "type": "simple_conversation",
      "importance": 0.3,
      "word_count": 18
    }
  },
  {
    "content": "User: what's up\nLucy: Hello! Just here, ready to help. How can I assist you today?",
    "metadata": {
      "timestamp": "2025-05-26T17:23:00.331525",
      "user_id": "default_user",
      "session_id": "379a4d84-3c0a-485a-912a-74816a1830a1",
      "type": "simple_conversation",
      "importance": 0.3,
      "word_count": 16
    }
  },
  {
    "content": "User: how's it going\nLucy: All systems are functioning optimally. How can I assist you today?",
    "metadata": {
      "timestamp": "2025-05-26T17:23:01.526692",
      "user_id": "default_user",
      "session_id": "379a4d84-3c0a-485a-912a-74816a1830a1",
      "type": "simple_conversation",
      "importance": 0.3,
      "word_count": 16
    }
  },
  {
    "content": "User: i feel a bit stressed about work\nLucy: It's okay to feel stressed about work. Remember to take breaks and practice self-care. I'm here to support you.",
    "metadata": {
      "timestamp": "2025-05-26T17:23:02.699797",
      "session_id": "379a4d84-3c0a-485a-912a-74816a1830a1",
      "importance": 0.74,
      "message_id": "8603027b-feb9-456b-a9c6-04f944e439c6",
      "user_message": "i feel a bit stressed about work",
      "ai_response": "It's okay to feel stressed about work. Remember to take breaks and practice self-care. I'm here to support you.",
      "topics": [
        "工作压力",
        "自我关怀"
      ],
      "emotions": [
        "压力",
        "关心"
      ],
      "user_info": "用户目前在工作中感到有压力，可能需要情感支持和缓解压力的方法。",
      "relationship_stage": "初步建立信任",
      "conversation_type": "情感支持",
      "key_insights": "用户主动表达了工作压力，AI提供了安慰和自我关怀建议，显示用户可能愿意进一步分享情绪和需求。"
    }
  }
]