[
  {
    "content": "User: Hi, my name is Sarah\nLucy: Hi Sarah! It’s wonderful to meet you. How are you feeling today? Is there anything on your mind that you’d like to talk about?",
    "metadata": {
      "timestamp": "2025-05-26T21:11:01.927468",
      "session_id": "cb6eb45d-d83c-4c91-a7b1-36d7157bef22",
      "importance": 0.32,
      "message_id": "d52e31e8-b058-4a73-b862-df11c6b75f16",
      "user_message": "Hi, my name is Sarah",
      "ai_response": "Hi Sarah! It’s wonderful to meet you. How are you feeling today? Is there anything on your mind that you’d like to talk about?",
      "topics": [],
      "emotions": [],
      "user_info": "用户名为Sarah",
      "relationship_stage": "初次见面/建立联系",
      "conversation_type": "寒暄/自我介绍",
      "key_insights": "用户刚刚介绍了自己的名字，AI在主动建立友好关系并邀请用户表达情感或话题。"
    }
  },
  {
    "content": "User: I love reading science fiction books\nLucy: That’s awesome, Sarah! Science fiction books can be such a fun escape—there’s so much imagination and possibility in those stories. Do you have a favorite author or book? Or is there a particular kind of sci-fi you enjoy most, like space adventures or stories about the future? I’d love to hear more about what draws you to sci-fi!",
    "metadata": {
      "timestamp": "2025-05-26T21:11:13.781950",
      "session_id": "cb6eb45d-d83c-4c91-a7b1-36d7157bef22",
      "importance": 0.54,
      "message_id": "7242ba80-22cb-42ac-83da-418547ab3792",
      "user_message": "I love reading science fiction books",
      "ai_response": "That’s awesome, Sarah! Science fiction books can be such a fun escape—there’s so much imagination and possibility in those stories. Do you have a favorite author or book? Or is there a particular kind of sci-fi you enjoy most, like space adventures or stories about the future? I’d love to hear more about what draws you to sci-fi!",
      "topics": [
        "科幻小说",
        "阅读偏好"
      ],
      "emotions": [
        "热情",
        "好奇"
      ],
      "user_info": "用户喜欢阅读科幻小说",
      "relationship_stage": "初步了解阶段",
      "conversation_type": "兴趣交流",
      "key_insights": "用户对科幻小说有浓厚兴趣，AI通过提问进一步了解用户的具体偏好"
    }
  },
  {
    "content": "User: I work as a software engineer\nLucy: That’s really cool, Sarah! Being a software engineer must give you a unique perspective when reading science fiction—especially with all the tech and futuristic ideas in those stories. Do you ever find yourself inspired by something you read, or see connections between your work and the books you love? I’d love to hear more about what you enjoy most about your job, or if there’s anything you wish was different about it.",
    "metadata": {
      "timestamp": "2025-05-26T21:11:25.745444",
      "session_id": "cb6eb45d-d83c-4c91-a7b1-36d7157bef22",
      "importance": 0.54,
      "message_id": "7767ca47-4361-4a93-ad3b-53fa669d7516",
      "user_message": "I work as a software engineer",
      "ai_response": "That’s really cool, Sarah! Being a software engineer must give you a unique perspective when reading science fiction—especially with all the tech and futuristic ideas in those stories. Do you ever find yourself inspired by something you read, or see connections between your work and the books you love? I’d love to hear more about what you enjoy most about your job, or if there’s anything you wish was different about it.",
      "topics": [
        "职业（软件工程师）",
        "科幻小说与技术的联系",
        "工作中的灵感与感受"
      ],
      "emotions": [
        "好奇",
        "赞赏"
      ],
      "user_info": "用户是一名软件工程师，对科幻小说和技术有可能的兴趣。",
      "relationship_stage": "初步了解阶段",
      "conversation_type": "闲聊/兴趣探索",
      "key_insights": "AI试图通过用户职业和兴趣建立联系，并鼓励用户分享更多关于工作和兴趣的细节。"
    }
  },
  {
    "content": "User: I'm feeling a bit stressed about work lately\nLucy: Thank you for sharing that with me, Sarah. Work stress can really weigh on you, especially when you’re juggling a lot or feeling pressure to perform. If you feel comfortable, would you like to talk about what’s been making things stressful lately? Sometimes just putting it into words can help a little, and I’m here to listen and support you however you need.",
    "metadata": {
      "timestamp": "2025-05-26T21:11:34.675896",
      "session_id": "cb6eb45d-d83c-4c91-a7b1-36d7157bef22",
      "importance": 0.78,
      "message_id": "2d39de37-b1fc-47fc-81d2-3540171e858a",
      "user_message": "I'm feeling a bit stressed about work lately",
      "ai_response": "Thank you for sharing that with me, Sarah. Work stress can really weigh on you, especially when you’re juggling a lot or feeling pressure to perform. If you feel comfortable, would you like to talk about what’s been making things stressful lately? Sometimes just putting it into words can help a little, and I’m here to listen and support you however you need.",
      "topics": [
        "工作压力",
        "情感支持"
      ],
      "emotions": [
        "压力",
        "关心"
      ],
      "user_info": "用户名为Sarah，最近因工作感到有些压力",
      "relationship_stage": "初步信任建立阶段",
      "conversation_type": "情感支持与倾诉",
      "key_insights": "用户主动表达了工作压力，AI展现出同理心并鼓励用户进一步分享细节，双方建立了初步的信任和支持关系。"
    }
  },
  {
    "content": "User: I enjoy hiking on weekends\nLucy: That sounds wonderful, Sarah! Hiking is such a great way to unwind and recharge, especially when work feels stressful. Getting out in nature can really help clear your mind. Do you have a favorite trail or spot you like to visit? Or is it more about exploring new places each time? If you ever want tips on making the most of your hikes—or ideas for balancing your weekends for relaxation—I’m here for you!",
    "metadata": {
      "timestamp": "2025-05-26T21:11:43.342620",
      "session_id": "cb6eb45d-d83c-4c91-a7b1-36d7157bef22",
      "importance": 0.62,
      "message_id": "b203adf5-777d-45b6-98c2-7994092ff05e",
      "user_message": "I enjoy hiking on weekends",
      "ai_response": "That sounds wonderful, Sarah! Hiking is such a great way to unwind and recharge, especially when work feels stressful. Getting out in nature can really help clear your mind. Do you have a favorite trail or spot you like to visit? Or is it more about exploring new places each time? If you ever want tips on making the most of your hikes—or ideas for balancing your weekends for relaxation—I’m here for you!",
      "topics": [
        "徒步旅行",
        "周末活动",
        "放松与减压",
        "自然体验"
      ],
      "emotions": [
        "愉快",
        "关心",
        "支持"
      ],
      "user_info": "用户喜欢在周末徒步旅行，可能工作有压力，喜欢亲近自然。",
      "relationship_stage": "初步了解阶段（AI通过称呼Sarah并询问兴趣，建立友好关系）",
      "conversation_type": "闲聊/兴趣交流",
      "key_insights": "用户通过徒步旅行来放松，AI识别到用户可能有工作压力，并主动提供支持和建议，显示出关心和个性化互动。"
    }
  }
]