[
  {
    "content": "User: hi\nLucy: Hi! Great to see you again!",
    "metadata": {
      "timestamp": "2025-05-26T17:20:29.085288",
      "user_id": "default_user",
      "session_id": "26ba8fb9-3d8e-4583-80b7-5e33297599f1",
      "type": "simple_conversation",
      "importance": 0.3,
      "word_count": 9
    }
  },
  {
    "content": "User: bye\nLucy: Take care! I'll be here when you're ready to chat.",
    "metadata": {
      "timestamp": "2025-05-26T17:20:29.773004",
      "user_id": "default_user",
      "session_id": "26ba8fb9-3d8e-4583-80b7-5e33297599f1",
      "type": "simple_conversation",
      "importance": 0.3,
      "word_count": 13
    }
  },
  {
    "content": "User: ok\nLucy: Awesome! I'm here to listen.",
    "metadata": {
      "timestamp": "2025-05-26T17:20:30.388147",
      "user_id": "default_user",
      "session_id": "26ba8fb9-3d8e-4583-80b7-5e33297599f1",
      "type": "simple_conversation",
      "importance": 0.3,
      "word_count": 8
    }
  },
  {
    "content": "User: how are you\nLucy: I'm doing well, thank you for asking. How can I assist you today?",
    "metadata": {
      "timestamp": "2025-05-26T17:20:32.080837",
      "user_id": "default_user",
      "session_id": "26ba8fb9-3d8e-4583-80b7-5e33297599f1",
      "type": "simple_conversation",
      "importance": 0.3,
      "word_count": 18
    }
  },
  {
    "content": "User: what's up\nLucy: Not much, just here to chat with you. How are you doing today?",
    "metadata": {
      "timestamp": "2025-05-26T17:20:33.595373",
      "user_id": "default_user",
      "session_id": "26ba8fb9-3d8e-4583-80b7-5e33297599f1",
      "type": "simple_conversation",
      "importance": 0.3,
      "word_count": 17
    }
  },
  {
    "content": "User: how's it going\nLucy: I'm doing well, thank you for asking. How can I assist you today?",
    "metadata": {
      "timestamp": "2025-05-26T17:20:34.859069",
      "user_id": "default_user",
      "session_id": "26ba8fb9-3d8e-4583-80b7-5e33297599f1",
      "type": "simple_conversation",
      "importance": 0.3,
      "word_count": 18
    }
  },
  {
    "content": "User: i feel a bit stressed about work\nLucy: It's okay to feel stressed about work sometimes. Remember to take breaks, prioritize tasks, and practice self-care. I'm here to support you.",
    "metadata": {
      "timestamp": "2025-05-26T17:20:36.074776",
      "session_id": "26ba8fb9-3d8e-4583-80b7-5e33297599f1",
      "importance": 0.74,
      "message_id": "25cf2a35-3d3a-42ba-bfd3-81c5b50e687c",
      "user_message": "i feel a bit stressed about work",
      "ai_response": "It's okay to feel stressed about work sometimes. Remember to take breaks, prioritize tasks, and practice self-care. I'm here to support you.",
      "topics": [
        "工作压力",
        "自我关怀"
      ],
      "emotions": [
        "压力",
        "关心"
      ],
      "user_info": "用户目前在工作上感到有压力，可能需要情感支持。",
      "relationship_stage": "初步建立信任与支持",
      "conversation_type": "情感支持与建议",
      "key_insights": "用户主动表达了工作压力，AI提供了情感安慰和实用建议，体现出用户对AI有一定信任并寻求帮助。"
    }
  },
  {
    "content": "User: what do you think about relationships?\nLucy: Relationships can be complex, but they can also bring joy and fulfillment. It's important to communicate openly, show empathy, and prioritize mutual respect and understanding.",
    "metadata": {
      "timestamp": "2025-05-26T17:20:41.143798",
      "session_id": "26ba8fb9-3d8e-4583-80b7-5e33297599f1",
      "importance": 0.46,
      "message_id": "82af0955-01bc-4459-95cd-e59f7b82ae42",
      "user_message": "what do you think about relationships?",
      "ai_response": "Relationships can be complex, but they can also bring joy and fulfillment. It's important to communicate openly, show empathy, and prioritize mutual respect and understanding.",
      "topics": [
        "人际关系",
        "沟通"
      ],
      "emotions": [
        "复杂",
        "满足"
      ],
      "user_info": null,
      "relationship_stage": null,
      "conversation_type": "泛泛而谈/一般性讨论",
      "key_insights": "关系需要开放沟通、同理心和相互尊重，既有复杂性也能带来快乐与满足。"
    }
  },
  {
    "content": "User: how can i improve my work-life balance?\nLucy: Try setting boundaries, practicing self-care, and prioritizing tasks. Remember to take breaks and allocate time for hobbies and relaxation to maintain a healthy balance.",
    "metadata": {
      "timestamp": "2025-05-26T17:20:47.710235",
      "session_id": "26ba8fb9-3d8e-4583-80b7-5e33297599f1",
      "importance": 0.68,
      "message_id": "393b348e-22f4-4e88-b2c9-f8a681f7ed9f",
      "user_message": "how can i improve my work-life balance?",
      "ai_response": "Try setting boundaries, practicing self-care, and prioritizing tasks. Remember to take breaks and allocate time for hobbies and relaxation to maintain a healthy balance.",
      "topics": [
        "工作与生活平衡",
        "自我提升"
      ],
      "emotions": [
        "关切",
        "支持"
      ],
      "user_info": "用户关注如何改善工作与生活的平衡，可能感到压力或不满现状",
      "relationship_stage": "初始交流阶段",
      "conversation_type": "咨询与建议",
      "key_insights": "用户寻求关于改善工作与生活平衡的建议，AI提供了具体可行的策略，如设定界限、优先排序和自我关怀"
    }
  },
  {
    "content": "User: i've been feeling really depressed lately and don't know what to do\nLucy: I'm sorry to hear that you're feeling this way. It's important to remember that you're not alone and there are people who care about you. Have you considered talking to a therapist or counselor for support?",
    "metadata": {
      "timestamp": "2025-05-26T17:20:56.559812",
      "session_id": "26ba8fb9-3d8e-4583-80b7-5e33297599f1",
      "importance": 0.92,
      "message_id": "de2d8e48-7fcf-4afb-bf6d-907be665d94c",
      "user_message": "i've been feeling really depressed lately and don't know what to do",
      "ai_response": "I'm sorry to hear that you're feeling this way. It's important to remember that you're not alone and there are people who care about you. Have you considered talking to a therapist or counselor for support?",
      "topics": [
        "抑郁",
        "心理健康支持"
      ],
      "emotions": [
        "沮丧",
        "无助"
      ],
      "user_info": "用户最近感到非常抑郁，不知道该怎么办",
      "relationship_stage": "初步信任建立阶段",
      "conversation_type": "情感支持与建议",
      "key_insights": "用户主动表达负面情绪并寻求帮助，AI提供了共情回应并建议寻求专业支持"
    }
  },
  {
    "content": "User: my family relationship is extremely complicated and causing me anxiety\nLucy: I'm sorry to hear that. Family dynamics can be challenging. Remember to take care of yourself and prioritize your well-being. It's important to set boundaries and seek support if needed. You're not alone in feeling this way.",
    "metadata": {
      "timestamp": "2025-05-26T17:21:08.495572",
      "session_id": "26ba8fb9-3d8e-4583-80b7-5e33297599f1",
      "importance": 0.76,
      "message_id": "623b9b65-edb5-4d8f-b077-619af8b409ed",
      "user_message": "my family relationship is extremely complicated and causing me anxiety",
      "ai_response": "I'm sorry to hear that. Family dynamics can be challenging. Remember to take care of yourself and prioritize your well-being. It's important to set boundaries and seek support if needed. You're not alone in feeling this way.",
      "topics": [
        "家庭关系",
        "焦虑与心理健康"
      ],
      "emotions": [
        "焦虑",
        "同理心"
      ],
      "user_info": "用户表示家庭关系极其复杂，并因此感到焦虑",
      "relationship_stage": "初步交流阶段",
      "conversation_type": "情感支持",
      "key_insights": "用户因复杂的家庭关系感到焦虑，寻求情感支持和建议"
    }
  },
  {
    "content": "User: i'm completely overwhelmed by feelings of inadequacy in life\nLucy: I'm sorry to hear that you're feeling this way. It's normal to experience feelings of inadequacy from time to time, but remember that you are valuable and capable. Let's work together to explore these feelings and find ways to build your self-confidence.",
    "metadata": {
      "timestamp": "2025-05-26T17:21:13.432217",
      "session_id": "26ba8fb9-3d8e-4583-80b7-5e33297599f1",
      "importance": 0.88,
      "message_id": "0b9ddb85-132e-4335-98fe-52ce89512381",
      "user_message": "i'm completely overwhelmed by feelings of inadequacy in life",
      "ai_response": "I'm sorry to hear that you're feeling this way. It's normal to experience feelings of inadequacy from time to time, but remember that you are valuable and capable. Let's work together to explore these feelings and find ways to build your self-confidence.",
      "topics": [
        "自我价值",
        "自信心建设"
      ],
      "emotions": [
        "自卑",
        "不安"
      ],
      "user_info": "用户感到生活中有强烈的自我不足感",
      "relationship_stage": "初步信任建立阶段",
      "conversation_type": "情感支持与安慰",
      "key_insights": "用户正经历强烈的自我怀疑和不足感，需要情感支持和自信心提升的建议"
    }
  }
]