[
  {
    "content": "阶段性洞察 (第10条对话):\n主要话题: 问候(1), 情感交流(1)\n情绪趋势: 关心(2), 友好(2), 拒绝(1)\n个人信息: 暂无新的个人信息\n对话特点: 对话较为常规",
    "metadata": {
      "type": "stage_insight",
      "timestamp": "2025-05-26T17:02:23.342883",
      "session_id": "d1fa331e-bbcb-4bbe-9bfb-6e7634786e94",
      "importance": 0.8,
      "conversation_count": 10,
      "user_id": "default_user",
      "readable_time": "2025-05-26 17:02:23",
      "date": "2025-05-26",
      "time": "17:02:23",
      "weekday": "Monday"
    }
  },
  {
    "content": "阶段性洞察 (第5条对话):\n主要话题: 告别(1)\n情绪趋势: 友好(4), 积极(2), 中性(1)\n个人信息: 暂无新的个人信息\n对话特点: 对话较为常规",
    "metadata": {
      "type": "stage_insight",
      "timestamp": "2025-05-26T17:01:51.380159",
      "session_id": "d1fa331e-bbcb-4bbe-9bfb-6e7634786e94",
      "importance": 0.8,
      "conversation_count": 5,
      "user_id": "default_user",
      "readable_time": "2025-05-26 17:01:51",
      "date": "2025-05-26",
      "time": "17:01:51",
      "weekday": "Monday"
    }
  },
  {
    "content": "第一次见面印象:\n用户: hi...\nLucy回复: Hi! Great to see you again!...\n初步观察: 这是我们第一次交流，用户似乎比较简洁。",
    "metadata": {
      "type": "first_impression",
      "timestamp": "2025-05-26T17:01:31.882877",
      "session_id": "d1fa331e-bbcb-4bbe-9bfb-6e7634786e94",
      "importance": 0.9,
      "user_id": "default_user",
      "readable_time": "2025-05-26 17:01:31",
      "date": "2025-05-26",
      "time": "17:01:31",
      "weekday": "Monday"
    }
  },
  {
    "content": "阶段性洞察 (第5条对话):\n主要话题: 科幻小说(1), 阅读偏好(1), 职业（软件工程师）(1)\n情绪趋势: 好奇(2), 关心(2), 热情(1)\n个人信息: 用户是一名软件工程师，对科幻小说和技术有可能的兴趣。; 用户名为Sarah，最近因工作感到有些压力; 用户喜欢在周末徒步旅行，可能工作有压力，喜欢亲近自然。\n对话特点: 用户分享较多个人信息",
    "metadata": {
      "type": "stage_insight",
      "timestamp": "2025-05-26T21:11:50.863226",
      "session_id": "cb6eb45d-d83c-4c91-a7b1-36d7157bef22",
      "importance": 0.8,
      "conversation_count": 5,
      "user_id": "default_user",
      "readable_time": "2025-05-26 21:11:50",
      "date": "2025-05-26",
      "time": "21:11:50",
      "weekday": "Monday"
    }
  },
  {
    "content": "第一次见面印象:\n用户: Hi, my name is Sarah...\nLucy回复: Hi Sarah! It’s so nice to see you again. How have you been lately? If there’s anything on your mind—...\n初步观察: 这是我们第一次交流，用户似乎比较简洁。",
    "metadata": {
      "type": "first_impression",
      "timestamp": "2025-05-26T21:12:11.899456",
      "session_id": "aeac35bd-aaa6-466b-8183-21d89b100613",
      "importance": 0.9,
      "user_id": "default_user",
      "readable_time": "2025-05-26 21:12:11",
      "date": "2025-05-26",
      "time": "21:12:11",
      "weekday": "Monday"
    }
  },
  {
    "content": "阶段性洞察 (第5条对话):\n主要话题: 自我介绍(1), 日常生活(1), 科幻小说(1)\n情绪趋势: 关心(3), 好奇(2), 友好(1)\n个人信息: 用户是软件工程师，喜欢阅读科幻小说; 用户名为Sarah，对工作有责任心，喜欢科幻和徒步旅行; 用户喜欢在周末徒步旅行，最近有些压力，喜欢亲近自然。\n对话特点: 用户分享较多个人信息",
    "metadata": {
      "type": "stage_insight",
      "timestamp": "2025-05-26T21:12:55.869807",
      "session_id": "aeac35bd-aaa6-466b-8183-21d89b100613",
      "importance": 0.8,
      "conversation_count": 5,
      "user_id": "default_user",
      "readable_time": "2025-05-26 21:12:55",
      "date": "2025-05-26",
      "time": "21:12:55",
      "weekday": "Monday"
    }
  },
  {
    "content": "第一次见面印象:\n用户: hi...\nLucy回复: Hello! What's on your mind today?...\n初步观察: 这是我们第一次交流，用户似乎比较简洁。",
    "metadata": {
      "type": "first_impression",
      "timestamp": "2025-05-26T17:03:44.518900",
      "session_id": "0e6715a6-308d-4724-8625-3bf4123f9ce9",
      "importance": 0.9,
      "user_id": "default_user",
      "readable_time": "2025-05-26 17:03:44",
      "date": "2025-05-26",
      "time": "17:03:44",
      "weekday": "Monday"
    }
  },
  {
    "content": "第一次见面印象:\n用户: Hi, my name is John...\nLucy回复: Hi John! It’s great to meet you. How are you feeling today?...\n初步观察: 这是我们第一次交流，用户似乎比较简洁。",
    "metadata": {
      "type": "first_impression",
      "timestamp": "2025-05-26T20:40:04.520815",
      "session_id": "0de03088-5b3f-4e3b-86ed-e88230a0b71a",
      "importance": 0.9,
      "user_id": "default_user",
      "readable_time": "2025-05-26 20:40:04",
      "date": "2025-05-26",
      "time": "20:40:04",
      "weekday": "Monday"
    }
  },
  {
    "content": "阶段性洞察 (第20条对话):\n主要话题: 职业转换(1), 职业发展(1), friendship(1)\n情绪趋势: 犹豫(1), 探索(1), curiosity(1)\n个人信息: 用户正在考虑换职业，可能对当前职业不满意或寻求新方向; 用户最近感到非常抑郁，不知道如何应对; 用户与家庭关系复杂，因家庭关系产生焦虑情绪\n对话特点: 用户分享较多个人信息",
    "metadata": {
      "type": "stage_insight",
      "timestamp": "2025-05-26T17:03:16.183026",
      "session_id": "d1fa331e-bbcb-4bbe-9bfb-6e7634786e94",
      "importance": 0.8,
      "conversation_count": 20,
      "user_id": "default_user",
      "readable_time": "2025-05-26 17:03:16",
      "date": "2025-05-26",
      "time": "17:03:16",
      "weekday": "Monday"
    }
  },
  {
    "content": "第一次见面印象:\n用户: Hi, my name is Sarah...\nLucy回复: Hi Sarah! It’s wonderful to meet you. How are you feeling today? Is there anything on your mind that...\n初步观察: 这是我们第一次交流，用户似乎比较简洁。",
    "metadata": {
      "type": "first_impression",
      "timestamp": "2025-05-26T21:11:05.506043",
      "session_id": "cb6eb45d-d83c-4c91-a7b1-36d7157bef22",
      "importance": 0.9,
      "user_id": "default_user",
      "readable_time": "2025-05-26 21:11:05",
      "date": "2025-05-26",
      "time": "21:11:05",
      "weekday": "Monday"
    }
  },
  {
    "content": "用户画像更新 (基于8条对话):\n\n个人特征:\n- 个人信息收集中...\n\n兴趣话题: 告别(1), 问候(1), 情感交流(1)\n\n情绪模式: 友好(4), 积极(2), 关心(2), 中性(1), 感激(1)\n\n沟通风格: 初步接触阶段\n\n关系发展: 建立信任阶段",
    "metadata": {
      "type": "user_profile",
      "timestamp": "2025-05-26T17:02:13.709134",
      "session_id": "d1fa331e-bbcb-4bbe-9bfb-6e7634786e94",
      "importance": 0.95,
      "conversation_count": 8,
      "user_id": "default_user",
      "profile_version": 1,
      "readable_time": "2025-05-26 17:02:13",
      "date": "2025-05-26",
      "time": "17:02:13",
      "weekday": "Monday"
    }
  },
  {
    "content": "用户画像更新 (基于16条对话):\n\n个人特征:\n- 用户当前状态良好\n- 用户关注如何改善工作与生活的平衡，可能面临压力或时间管理问题\n- 用户正在考虑换职业，可能对当前职业不满意或寻求新方向\n\n兴趣话题: 告别(1), 问候(1), 情感交流(1), 用户状态(1), 进一步了解用户(1)\n\n情绪模式: 友好(6), 积极(3), 中性(2), 关心(2), curiosity(2)\n\n沟通风格: 谨慎交流型\n\n关系发展: 深度交流阶段",
    "metadata": {
      "type": "user_profile",
      "timestamp": "2025-05-26T17:02:53.130321",
      "session_id": "d1fa331e-bbcb-4bbe-9bfb-6e7634786e94",
      "importance": 0.95,
      "conversation_count": 16,
      "user_id": "default_user",
      "profile_version": 2,
      "readable_time": "2025-05-26 17:02:53",
      "date": "2025-05-26",
      "time": "17:02:53",
      "weekday": "Monday"
    }
  }
]