{
  "user_id": "default_user",
  "companion_start_date": "2025-05-26",
  "last_interaction": "2025-05-27T12:31:49.620053",
  "total_conversations": 0,
  "companion_days": 1,
  "topics": {
    "自我介绍": 2,
    "情感状态询问": 1,
    "用户名字": 1,
    "闲聊/开启对话": 1,
    "Marvel movies": 1,
    "Iron Man": 1,
    "电影类型": 1,
    "漫威电影": 1,
    "科幻小说": 2,
    "阅读偏好": 1,
    "职业（软件工程师）": 2,
    "科幻小说与技术的联系": 2,
    "工作中的灵感与感受": 2,
    "工作压力": 2,
    "情感支持": 1,
    "徒步旅行": 2,
    "周末活动": 1,
    "放松与减压": 1,
    "自然体验": 1,
    "日常生活": 1,
    "技术细节": 1,
    "灵感与想象": 1,
    "兴趣爱好（科幻世界、徒步旅行）": 1,
    "工作与生活平衡": 1
  },
  "emotions": {
    "友好": 3,
    "关心": 7,
    "喜欢": 1,
    "兴奋": 1,
    "兴趣": 1,
    "热情": 2,
    "好奇": 4,
    "赞赏": 2,
    "压力": 2,
    "愉快": 1,
    "支持": 1,
    "热爱": 1,
    "欣赏": 1,
    "放松": 1
  },
  "user_preferences": {
    "2093301b": "用户名为John",
    "7a768f64": "用户喜欢看漫威电影，特别是钢铁侠",
    "6110c168": "用户喜欢漫威电影，尤其是有钢铁侠的电影",
    "732ed7ef": "用户名为Sarah",
    "e17b0530": "用户喜欢阅读科幻小说",
    "dcc385d0": "用户是一名软件工程师，对科幻小说和技术有可能的兴趣。",
    "ced8da45": "用户名为Sarah，最近因工作感到有些压力",
    "1c443334": "用户喜欢在周末徒步旅行，可能工作有压力，喜欢亲近自然。",
    "1421a528": "用户名为Sarah，是一名软件工程师，喜欢科幻小说，具有好奇和富有想象力的性格。",
    "1d187227": "用户是软件工程师，喜欢阅读科幻小说",
    "f67f8f4c": "用户名为Sarah，对工作有责任心，喜欢科幻和徒步旅行",
    "6487e15c": "用户喜欢在周末徒步旅行，最近有些压力，喜欢亲近自然。"
  },
  "relationship_insights": []
}