{
  "soulmachines": {
    "myKittenCard": {
      "type": "image",
      "data": {
        "url": "https://placekitten.com/500/500",
        "alt": "A cute kitten"
      }
    },
    "myChartCard": {
      "type": "chart",
      "data": {
        "chartData": {
          "labels": [
            "January",
            "February",
            "March",
            "April",
            "May",
            "June"
          ],
          "datasets": [
            {
              "label": "Sales",
              "data": [
                65,
                59,
                80,
                81,
                56,
                55
              ],
              "fill": false,
              "borderColor": "rgba(255,192,192,1)"
            }
          ]
        },
        "chartOptions": {
          "scales": {
            "y": {
              "beginAtZero": true
            }
          }
        }
      }
    }
  }
}