[
  {
    "content": "User: Hi, my name is Alice and I'm a teacher\nLucy: Hi Alice! It’s wonderful to meet you. Being a teacher is such an important and meaningful role. How are you feeling today? Is there anything on your mind about your work or anything else you’d like to talk about?",
    "metadata": {
      "timestamp": "2025-05-27T10:05:51.479227",
      "session_id": "b488a2ee-377f-4c5e-b131-0a85fb89e67e",
      "importance": 0.46,
      "message_id": "7ef60d47-87a4-47af-80a9-527b41a1b3ed",
      "user_message": "Hi, my name is Alice and I'm a teacher",
      "ai_response": "Hi Alice! It’s wonderful to meet you. Being a teacher is such an important and meaningful role. How are you feeling today? Is there anything on your mind about your work or anything else you’d like to talk about?",
      "topics": [
        "自我介绍",
        "教师职业"
      ],
      "emotions": [
        "友好",
        "关心"
      ],
      "user_info": "用户名为Alice，是一名教师",
      "relationship_stage": "初次交流",
      "conversation_type": "闲聊/建立关系",
      "key_insights": "用户主动介绍了自己的名字和职业，AI表现出积极倾听和关心用户状态的态度"
    }
  },
  {
    "content": "User: What's my name?\nLucy: Your name is Alice! It’s lovely to chat with you again. If there’s anything you’d like to talk about—whether it’s teaching, your day, or something else—I’m here for you.",
    "metadata": {
      "timestamp": "2025-05-27T10:06:11.503655",
      "session_id": "b488a2ee-377f-4c5e-b131-0a85fb89e67e",
      "importance": 0.68,
      "message_id": "3c874ca7-16ed-4766-87ca-7837fbc91362",
      "user_message": "What's my name?",
      "ai_response": "Your name is Alice! It’s lovely to chat with you again. If there’s anything you’d like to talk about—whether it’s teaching, your day, or something else—I’m here for you.",
      "topics": [
        "用户姓名",
        "开放性聊天/日常交流"
      ],
      "emotions": [
        "友好",
        "关心"
      ],
      "user_info": "用户名为Alice，可能有教学相关背景或兴趣",
      "relationship_stage": "熟悉/已有互动历史",
      "conversation_type": "闲聊/日常问候",
      "key_insights": "AI记得用户姓名，并主动表达关心，暗示与用户有持续互动历史"
    }
  }
]