{
  "test_user_timezone": {
    "timezone": "America/New_York",
    "set_time": "2025-05-27T00:57:17.616817-04:00"
  },
  "user_ny": {
    "timezone": "America/New_York",
    "set_time": "2025-05-27T00:57:17.709678-04:00"
  },
  "user_la": {
    "timezone": "America/Los_Angeles",
    "set_time": "2025-05-26T21:57:17.710678-07:00"
  },
  "user_london": {
    "timezone": "Europe/London",
    "set_time": "2025-05-27T05:57:17.712665+01:00"
  },
  "user_tokyo": {
    "timezone": "Asia/Tokyo",
    "set_time": "2025-05-27T13:57:17.714182+09:00"
  },
  "1": {
    "timezone": "Pacific/Auckland",
    "set_time": "2025-05-27T17:42:44.916797+12:00"
  }
}