[
  {
    "content": "[First Meeting - 2025-05-28 15:34:13]\nUser: 我的名字是Christian，我的生日是昨天...\nLucy Reply: 很高兴认识你，Christian！生日快乐！...\nInitial Observation: This is our first interaction, user seems proactive and friendly.",
    "metadata": {
      "type": "first_impression",
      "timestamp": "2025-05-28T15:34:17.008044",
      "readable_time": "2025-05-28 15:34:17",
      "date": "2025-05-28",
      "time": "15:34:17",
      "weekday": "Wednesday",
      "session_id": "1e8cecab-0a24-405b-8e9c-2b743d720e90",
      "importance": 0.9,
      "user_id": "test_docker"
    }
  }
]