{
  "user_id": "default_user",
  "companion_start_date": "2025-05-30",
  "personal_details": {
    "name": "Christian",
    "birthday": "2025-05-29"
  },
  "topics_of_interest": [
    "自我介绍",
    "生日",
    "Greeting",
    "Friday updates"
  ],
  "emotional_tendencies": [
    "友好",
    "祝福",
    "Friendly",
    "Positive"
  ],
  "communication_style": "Open and sharing",
  "relationship_stage": "Building trust",
  "activity_level": "Regular interaction",
  "information_sharing_tendency": "High",
  "average_importance": 0.5,
  "interaction_summary": {
    "total_conversations": 3,
    "last_interaction": "2025-05-30T15:00:13.879556"
  },
  "preferences": {},
  "behavior_traits": [
    "主动分享个人信息",
    "友好交流"
  ],
  "summary_stats": {
    "most_discussed_topics": {
      "自我介绍": 1,
      "生日": 1,
      "Greeting": 2,
      "Friday updates": 2
    },
    "dominant_emotions": {
      "友好": 1,
      "祝福": 1,
      "Friendly": 2,
      "Positive": 2
    },
    "relationship_duration_days": 0
  }
}