[
  {
    "timestamp": "2025-05-30T15:00:10.226000",
    "user": "hi, how are ",
    "ai": "Hi there! I’m doing great, thanks for asking. 😊 How about you? How’s your Friday going so far?",
    "topics": [
      "Greeting",
      "Friday updates"
    ],
    "emotions": [
      "Friendly",
      "Positive"
    ],
    "importance": 0.32
  },
  {
    "timestamp": "2025-05-30T15:00:10.226000",
    "user": "hi, how are ",
    "ai": "Hi there! I’m doing great, thanks for asking. 😊 How about you? How’s your Friday going so far?",
    "topics": [
      "Greeting",
      "Friday updates"
    ],
    "emotions": [
      "Friendly",
      "Positive"
    ],
    "importance": 0.32
  }
]