[
  {
    "content": "[2025-05-28 15:34:13 Wednesday]\nUser: 我的名字是Christian，我的生日是昨天\nLucy: 很高兴认识你，Christian！生日快乐！\n\nTopics: 自我介绍, 生日\nEmotions: 友好, 祝福\nImportance: 0.68",
    "metadata": {
      "timestamp": "2025-05-28T15:34:13.331949",
      "readable_time": "2025-05-28 15:34:13",
      "date": "2025-05-28",
      "time": "15:34:13",
      "weekday": "Wednesday",
      "session_id": "1e8cecab-0a24-405b-8e9c-2b743d720e90",
      "importance": 0.68,
      "message_id": "eea8f2bd-711d-4dbf-aba0-2ad304426506",
      "user_message": "我的名字是Christian，我的生日是昨天",
      "ai_response": "很高兴认识你，Christian！生日快乐！",
      "user_id": "test_docker",
      "topics": [
        "自我介绍",
        "生日"
      ],
      "emotions": [
        "友好",
        "祝福"
      ],
      "user_info": "用户名为Christian，生日是昨天",
      "relationship_stage": "初次见面/建立联系",
      "conversation_type": "闲聊/寒暄",
      "key_insights": "用户主动分享个人信息，AI积极回应并表达祝福"
    }
  }
]