[
  {
    "content": "第一次见面印象:\n用户: Hello, I'm Bob and I work as a software engineer...\nLucy回复: Hi Bob! It’s great to meet you. Software engineering sounds exciting—what kind of projects are you w...\n初步观察: 这是我们第一次交流，用户似乎主动友好。",
    "metadata": {
      "type": "first_impression",
      "timestamp": "2025-05-27T10:06:04.902552",
      "session_id": "6db9fe37-d9e2-4d9a-9208-fc5963520563",
      "importance": 0.9,
      "user_id": "bob"
    }
  }
]