[
  {
    "content": "User: Hello, I'm Bob and I work as a software engineer\nLucy: Hi Bob! It’s great to meet you. Software engineering sounds exciting—what kind of projects are you working on these days? If you ever want to chat about tech (or anything else), I’m here!",
    "metadata": {
      "timestamp": "2025-05-27T10:06:01.067304",
      "session_id": "6db9fe37-d9e2-4d9a-9208-fc5963520563",
      "importance": 0.54,
      "message_id": "7f4f1f24-a601-4949-9df6-78d99cba476f",
      "user_message": "Hello, I'm Bob and I work as a software engineer",
      "ai_response": "Hi Bob! It’s great to meet you. Software engineering sounds exciting—what kind of projects are you working on these days? If you ever want to chat about tech (or anything else), I’m here!",
      "topics": [
        "自我介绍",
        "软件工程",
        "项目经验",
        "技术交流"
      ],
      "emotions": [
        "友好",
        "好奇",
        "热情"
      ],
      "user_info": "用户名为Bob，职业是软件工程师",
      "relationship_stage": "初次交流/建立联系",
      "conversation_type": "闲聊/寒暄",
      "key_insights": "用户主动介绍了自己的姓名和职业，AI表现出对用户职业的兴趣并鼓励进一步交流。"
    }
  },
  {
    "content": "User: What's my name?\nLucy: Your name is Bob! 😊 Let me know if there’s anything you’d like to chat about, whether it’s software engineering or something else.",
    "metadata": {
      "timestamp": "2025-05-27T10:06:21.774978",
      "session_id": "6db9fe37-d9e2-4d9a-9208-fc5963520563",
      "importance": 0.54,
      "message_id": "bba64240-95d9-4567-a782-5b3c3cba33d8",
      "user_message": "What's my name?",
      "ai_response": "Your name is Bob! 😊 Let me know if there’s anything you’d like to chat about, whether it’s software engineering or something else.",
      "topics": [
        "用户姓名",
        "软件工程"
      ],
      "emotions": [
        "友好",
        "积极"
      ],
      "user_info": "用户名为Bob，对软件工程可能感兴趣",
      "relationship_stage": "初识/建立基础信息阶段",
      "conversation_type": "闲聊/自我介绍",
      "key_insights": "用户询问自己的姓名，AI已知用户名为Bob，并主动提出可聊软件工程等话题，显示出对用户兴趣的探索。"
    }
  }
]