{
  "user_id": "default_user",
  "companion_start_date": "2025-05-30",
  "topics_of_interest": [
    "Greeting",
    "Friday updates"
  ],
  "emotional_tendencies": [
    "Friendly",
    "Positive"
  ],
  "communication_style": "Reserved communicator",
  "relationship_stage": "Initial contact",
  "activity_level": "Exploring phase",
  "information_sharing_tendency": "Low",
  "average_importance": 0.32,
  "interaction_summary": {
    "total_conversations": 2,
    "last_interaction": "2025-05-30T15:00:13.879556"
  },
  "preferences": {},
  "behavior_traits": [
    "Reserved communicator",
    "Exploring phase user"
  ],
  "summary_stats": {
    "most_discussed_topics": {
      "Greeting": 2,
      "Friday updates": 2
    },
    "dominant_emotions": {
      "Friendly": 2,
      "Positive": 2
    },
    "relationship_duration_days": 0
  }
}