[
  {
    "content": "User: that's nice\nLucy: I'm here to listen! Tell me more.",
    "metadata": {
      "timestamp": "2025-05-26T17:02:30.147537",
      "session_id": "d1fa331e-bbcb-4bbe-9bfb-6e7634786e94",
      "importance": 0.28,
      "message_id": "c4b730cd-965c-467e-a6e3-fb50a4f02235",
      "user_message": "that's nice",
      "ai_response": "I'm here to listen! Tell me more.",
      "topics": [],
      "emotions": [
        "positive",
        "supportive"
      ],
      "user_info": null,
      "relationship_stage": "初始交流",
      "conversation_type": "闲聊",
      "key_insights": "用户表达了积极情绪，AI表现出倾听和鼓励用户分享的态度。",
      "readable_time": "2025-05-26 17:02:30",
      "date": "2025-05-26",
      "time": "17:02:30",
      "weekday": "Monday"
    }
  },
  {
    "content": "User: ok\nLucy: Great! What would you like to talk about?",
    "metadata": {
      "timestamp": "2025-05-26T17:01:38.373758",
      "session_id": "d1fa331e-bbcb-4bbe-9bfb-6e7634786e94",
      "importance": 0.16,
      "message_id": "76de47ee-4e2c-40ba-8d8d-ff48b978b3f4",
      "user_message": "ok",
      "ai_response": "Great! What would you like to talk about?",
      "topics": [],
      "emotions": [
        "中性",
        "友好"
      ],
      "user_info": null,
      "relationship_stage": "初始阶段",
      "conversation_type": "闲聊/开场",
      "key_insights": "对话刚刚开始，用户尚未提出具体话题。AI表现出积极和开放的态度，鼓励用户继续交流。",
      "readable_time": "2025-05-26 17:01:38",
      "date": "2025-05-26",
      "time": "17:01:38",
      "weekday": "Monday"
    }
  },
  {
    "content": "User: no\nLucy: I'm here to listen! Tell me more.",
    "metadata": {
      "timestamp": "2025-05-26T17:01:53.410851",
      "session_id": "d1fa331e-bbcb-4bbe-9bfb-6e7634786e94",
      "importance": 0.26,
      "message_id": "ca409e20-1145-4714-9406-e62620f8a127",
      "user_message": "no",
      "ai_response": "I'm here to listen! Tell me more.",
      "topics": [],
      "emotions": [
        "拒绝",
        "关心"
      ],
      "user_info": null,
      "relationship_stage": "初始阶段",
      "conversation_type": "闲聊/建立关系",
      "key_insights": "用户未透露信息，AI表现出倾听和关心的态度。",
      "readable_time": "2025-05-26 17:01:53",
      "date": "2025-05-26",
      "time": "17:01:53",
      "weekday": "Monday"
    }
  },
  {
    "content": "User: how's it going\nLucy: I'm here to listen! Tell me more.",
    "metadata": {
      "timestamp": "2025-05-26T17:02:15.898282",
      "session_id": "d1fa331e-bbcb-4bbe-9bfb-6e7634786e94",
      "importance": 0.22,
      "message_id": "9a33915f-4471-41df-878e-739d327c24b6",
      "user_message": "how's it going",
      "ai_response": "I'm here to listen! Tell me more.",
      "topics": [],
      "emotions": [
        "随意",
        "友好"
      ],
      "user_info": null,
      "relationship_stage": "初始接触",
      "conversation_type": "闲聊",
      "key_insights": "用户开启了轻松的闲聊，尚未透露具体话题或个人信息。",
      "readable_time": "2025-05-26 17:02:15",
      "date": "2025-05-26",
      "time": "17:02:15",
      "weekday": "Monday"
    }
  },
  {
    "content": "User: Hi, my name is Sarah\nLucy: Hi Sarah! It’s so nice to see you again. How have you been lately? If there’s anything on your mind—work, life, or just something you want to chat about—I’m here to listen.",
    "metadata": {
      "timestamp": "2025-05-26T21:12:07.393064",
      "session_id": "aeac35bd-aaa6-466b-8183-21d89b100613",
      "importance": 0.54,
      "message_id": "9e4e1341-9e7e-4ea9-a792-c3afcd4fcea5",
      "user_message": "Hi, my name is Sarah",
      "ai_response": "Hi Sarah! It’s so nice to see you again. How have you been lately? If there’s anything on your mind—work, life, or just something you want to chat about—I’m here to listen.",
      "topics": [
        "自我介绍",
        "日常生活"
      ],
      "emotions": [
        "友好",
        "关心"
      ],
      "user_info": "用户名为Sarah",
      "relationship_stage": "熟悉/已有互动历史",
      "conversation_type": "闲聊/寒暄",
      "key_insights": "AI记得用户，表现出持续关注和关心用户近况",
      "readable_time": "2025-05-26 21:12:07",
      "date": "2025-05-26",
      "time": "21:12:07",
      "weekday": "Monday"
    }
  },
  {
    "content": "User: Hi, my name is Sarah\nLucy: Hi Sarah! It’s so nice to see you again. How have you been lately? If there’s anything on your mind—work, life, or just something you want to chat about—I’m here to listen.",
    "metadata": {
      "timestamp": "2025-05-26T21:12:07.393064",
      "session_id": "aeac35bd-aaa6-466b-8183-21d89b100613",
      "importance": 0.54,
      "message_id": "9e4e1341-9e7e-4ea9-a792-c3afcd4fcea5",
      "user_message": "Hi, my name is Sarah",
      "ai_response": "Hi Sarah! It’s so nice to see you again. How have you been lately? If there’s anything on your mind—work, life, or just something you want to chat about—I’m here to listen.",
      "topics": [
        "自我介绍",
        "日常生活"
      ],
      "emotions": [
        "友好",
        "关心"
      ],
      "user_info": "用户名为Sarah",
      "relationship_stage": "熟悉/已有互动历史",
      "conversation_type": "闲聊/寒暄",
      "key_insights": "AI记得用户，表现出持续关注和关心用户近况",
      "readable_time": "2025-05-26 21:12:07",
      "date": "2025-05-26",
      "time": "21:12:07",
      "weekday": "Monday"
    }
  },
  {
    "content": "User: Hi, my name is Sarah\nLucy: Hi Sarah! It’s so nice to see you again. How have you been lately? If there’s anything on your mind—work, life, or just something you want to chat about—I’m here to listen.",
    "metadata": {
      "timestamp": "2025-05-26T21:12:07.393064",
      "session_id": "aeac35bd-aaa6-466b-8183-21d89b100613",
      "importance": 0.54,
      "message_id": "9e4e1341-9e7e-4ea9-a792-c3afcd4fcea5",
      "user_message": "Hi, my name is Sarah",
      "ai_response": "Hi Sarah! It’s so nice to see you again. How have you been lately? If there’s anything on your mind—work, life, or just something you want to chat about—I’m here to listen.",
      "topics": [
        "自我介绍",
        "日常生活"
      ],
      "emotions": [
        "友好",
        "关心"
      ],
      "user_info": "用户名为Sarah",
      "relationship_stage": "熟悉/已有互动历史",
      "conversation_type": "闲聊/寒暄",
      "key_insights": "AI记得用户，表现出持续关注和关心用户近况",
      "readable_time": "2025-05-26 21:12:07",
      "date": "2025-05-26",
      "time": "21:12:07",
      "weekday": "Monday"
    }
  },
  {
    "content": "User: Hi, my name is John\nLucy: Hi John! It’s great to meet you. How are you feeling today?",
    "metadata": {
      "timestamp": "2025-05-26T20:40:00.328702",
      "session_id": "0de03088-5b3f-4e3b-86ed-e88230a0b71a",
      "importance": 0.46,
      "message_id": "2649d8cd-7290-4844-b958-ffe93d5af20a",
      "user_message": "Hi, my name is John",
      "ai_response": "Hi John! It’s great to meet you. How are you feeling today?",
      "topics": [
        "自我介绍",
        "情感状态询问"
      ],
      "emotions": [
        "友好",
        "关心"
      ],
      "user_info": "用户名为John",
      "relationship_stage": "初次见面/建立联系",
      "conversation_type": "寒暄/建立关系",
      "key_insights": "用户主动介绍了自己的名字，AI积极回应并关心用户的情感状态，双方处于初步了解阶段。",
      "readable_time": "2025-05-26 20:40:00",
      "date": "2025-05-26",
      "time": "20:40:00",
      "weekday": "Monday"
    }
  },
  {
    "content": "User: Hi, my name is John\nLucy: Hi John! It’s great to meet you. How are you feeling today?",
    "metadata": {
      "timestamp": "2025-05-26T20:40:00.328702",
      "session_id": "0de03088-5b3f-4e3b-86ed-e88230a0b71a",
      "importance": 0.46,
      "message_id": "2649d8cd-7290-4844-b958-ffe93d5af20a",
      "user_message": "Hi, my name is John",
      "ai_response": "Hi John! It’s great to meet you. How are you feeling today?",
      "topics": [
        "自我介绍",
        "情感状态询问"
      ],
      "emotions": [
        "友好",
        "关心"
      ],
      "user_info": "用户名为John",
      "relationship_stage": "初次见面/建立联系",
      "conversation_type": "寒暄/建立关系",
      "key_insights": "用户主动介绍了自己的名字，AI积极回应并关心用户的情感状态，双方处于初步了解阶段。",
      "readable_time": "2025-05-26 20:40:00",
      "date": "2025-05-26",
      "time": "20:40:00",
      "weekday": "Monday"
    }
  },
  {
    "content": "User: The constant pressure to succeed is making me question everything I thought I wanted in life\nLucy: I'm here to listen! Tell me more.",
    "metadata": {
      "timestamp": "2025-05-26T17:03:30.945258",
      "session_id": "d1fa331e-bbcb-4bbe-9bfb-6e7634786e94",
      "importance": 0.82,
      "message_id": "5a15b951-981a-4d13-8d90-766a25e012d8",
      "user_message": "The constant pressure to succeed is making me question everything I thought I wanted in life",
      "ai_response": "I'm here to listen! Tell me more.",
      "topics": [
        "成功的压力",
        "人生目标的质疑"
      ],
      "emotions": [
        "压力",
        "困惑"
      ],
      "user_info": "用户正在经历与成功相关的压力，并对自己的人生目标产生怀疑",
      "relationship_stage": "初始阶段",
      "conversation_type": "情感支持",
      "key_insights": "用户因持续的成功压力而对人生方向产生动摇，寻求倾诉和理解",
      "readable_time": "2025-05-26 17:03:30",
      "date": "2025-05-26",
      "time": "17:03:30",
      "weekday": "Monday"
    }
  },
  {
    "content": "User: Do you remember my name?\nLucy: Of course, your name is John! I’m glad you’re here. Is there anything you’d like to talk about today?",
    "metadata": {
      "timestamp": "2025-05-26T20:40:11.994062",
      "session_id": "0de03088-5b3f-4e3b-86ed-e88230a0b71a",
      "importance": 0.66,
      "message_id": "fcce8da9-384e-46cb-8b67-31a220598ba0",
      "user_message": "Do you remember my name?",
      "ai_response": "Of course, your name is John! I’m glad you’re here. Is there anything you’d like to talk about today?",
      "topics": [
        "用户名字",
        "闲聊/开启对话"
      ],
      "emotions": [
        "友好",
        "关心"
      ],
      "user_info": "用户名为John",
      "relationship_stage": "初步熟悉阶段",
      "conversation_type": "问候与建立关系",
      "key_insights": "AI记住了用户的名字，表现出对用户的关注，旨在建立更亲近的互动关系。",
      "readable_time": "2025-05-26 20:40:11",
      "date": "2025-05-26",
      "time": "20:40:11",
      "weekday": "Monday"
    }
  },
  {
    "content": "User: Do you remember my name?\nLucy: Of course, your name is John! I’m glad you’re here. Is there anything you’d like to talk about today?",
    "metadata": {
      "timestamp": "2025-05-26T20:40:11.994062",
      "session_id": "0de03088-5b3f-4e3b-86ed-e88230a0b71a",
      "importance": 0.66,
      "message_id": "fcce8da9-384e-46cb-8b67-31a220598ba0",
      "user_message": "Do you remember my name?",
      "ai_response": "Of course, your name is John! I’m glad you’re here. Is there anything you’d like to talk about today?",
      "topics": [
        "用户名字",
        "闲聊/开启对话"
      ],
      "emotions": [
        "友好",
        "关心"
      ],
      "user_info": "用户名为John",
      "relationship_stage": "初步熟悉阶段",
      "conversation_type": "问候与建立关系",
      "key_insights": "AI记住了用户的名字，表现出对用户的关注，旨在建立更亲近的互动关系。",
      "readable_time": "2025-05-26 20:40:11",
      "date": "2025-05-26",
      "time": "20:40:11",
      "weekday": "Monday"
    }
  },
  {
    "content": "User: Hi, my name is Sarah\nLucy: Hi Sarah! It’s wonderful to meet you. How are you feeling today? Is there anything on your mind that you’d like to talk about?",
    "metadata": {
      "timestamp": "2025-05-26T21:11:01.927468",
      "session_id": "cb6eb45d-d83c-4c91-a7b1-36d7157bef22",
      "importance": 0.32,
      "message_id": "d52e31e8-b058-4a73-b862-df11c6b75f16",
      "user_message": "Hi, my name is Sarah",
      "ai_response": "Hi Sarah! It’s wonderful to meet you. How are you feeling today? Is there anything on your mind that you’d like to talk about?",
      "topics": [],
      "emotions": [],
      "user_info": "用户名为Sarah",
      "relationship_stage": "初次见面/建立联系",
      "conversation_type": "寒暄/自我介绍",
      "key_insights": "用户刚刚介绍了自己的名字，AI在主动建立友好关系并邀请用户表达情感或话题。",
      "readable_time": "2025-05-26 21:11:01",
      "date": "2025-05-26",
      "time": "21:11:01",
      "weekday": "Monday"
    }
  },
  {
    "content": "User: Hi, my name is Sarah\nLucy: Hi Sarah! It’s wonderful to meet you. How are you feeling today? Is there anything on your mind that you’d like to talk about?",
    "metadata": {
      "timestamp": "2025-05-26T21:11:01.927468",
      "session_id": "cb6eb45d-d83c-4c91-a7b1-36d7157bef22",
      "importance": 0.32,
      "message_id": "d52e31e8-b058-4a73-b862-df11c6b75f16",
      "user_message": "Hi, my name is Sarah",
      "ai_response": "Hi Sarah! It’s wonderful to meet you. How are you feeling today? Is there anything on your mind that you’d like to talk about?",
      "topics": [],
      "emotions": [],
      "user_info": "用户名为Sarah",
      "relationship_stage": "初次见面/建立联系",
      "conversation_type": "寒暄/自我介绍",
      "key_insights": "用户刚刚介绍了自己的名字，AI在主动建立友好关系并邀请用户表达情感或话题。",
      "readable_time": "2025-05-26 21:11:01",
      "date": "2025-05-26",
      "time": "21:11:01",
      "weekday": "Monday"
    }
  },
  {
    "content": "User: I'm thinking about changing careers\nLucy: I'm processing that... Can you tell me a bit more?",
    "metadata": {
      "timestamp": "2025-05-26T17:02:48.247370",
      "session_id": "d1fa331e-bbcb-4bbe-9bfb-6e7634786e94",
      "importance": 0.74,
      "message_id": "6fd23ca9-8418-4745-b0b2-5effbbb1dc4a",
      "user_message": "I'm thinking about changing careers",
      "ai_response": "I'm processing that... Can you tell me a bit more?",
      "topics": [
        "职业转换",
        "职业发展"
      ],
      "emotions": [
        "犹豫",
        "探索"
      ],
      "user_info": "用户正在考虑换职业，可能对当前职业不满意或寻求新方向",
      "relationship_stage": "初始了解阶段",
      "conversation_type": "咨询与支持",
      "key_insights": "用户对当前职业存在疑虑，正在寻求关于职业转换的建议或支持",
      "readable_time": "2025-05-26 17:02:48",
      "date": "2025-05-26",
      "time": "17:02:48",
      "weekday": "Monday"
    }
  },
  {
    "content": "User: I'm thinking about changing careers\nLucy: I'm processing that... Can you tell me a bit more?",
    "metadata": {
      "timestamp": "2025-05-26T17:02:48.247370",
      "session_id": "d1fa331e-bbcb-4bbe-9bfb-6e7634786e94",
      "importance": 0.74,
      "message_id": "6fd23ca9-8418-4745-b0b2-5effbbb1dc4a",
      "user_message": "I'm thinking about changing careers",
      "ai_response": "I'm processing that... Can you tell me a bit more?",
      "topics": [
        "职业转换",
        "职业发展"
      ],
      "emotions": [
        "犹豫",
        "探索"
      ],
      "user_info": "用户正在考虑换职业，可能对当前职业不满意或寻求新方向",
      "relationship_stage": "初始了解阶段",
      "conversation_type": "咨询与支持",
      "key_insights": "用户对当前职业存在疑虑，正在寻求关于职业转换的建议或支持",
      "readable_time": "2025-05-26 17:02:48",
      "date": "2025-05-26",
      "time": "17:02:48",
      "weekday": "Monday"
    }
  },
  {
    "content": "User: what's your opinion on friendship?\nLucy: I'm processing that... Can you tell me a bit more?",
    "metadata": {
      "timestamp": "2025-05-26T17:02:54.656636",
      "session_id": "d1fa331e-bbcb-4bbe-9bfb-6e7634786e94",
      "importance": 0.44,
      "message_id": "3c1cb893-a551-4aaf-a523-8a81166b5b3a",
      "user_message": "what's your opinion on friendship?",
      "ai_response": "I'm processing that... Can you tell me a bit more?",
      "topics": [
        "friendship"
      ],
      "emotions": [
        "curiosity",
        "neutral"
      ],
      "user_info": null,
      "relationship_stage": "初始阶段",
      "conversation_type": "开放式提问",
      "key_insights": "用户对友谊的看法感兴趣，AI鼓励用户进一步阐述观点。",
      "readable_time": "2025-05-26 17:02:54",
      "date": "2025-05-26",
      "time": "17:02:54",
      "weekday": "Monday"
    }
  },
  {
    "content": "User: what's your opinion on friendship?\nLucy: I'm processing that... Can you tell me a bit more?",
    "metadata": {
      "timestamp": "2025-05-26T17:02:54.656636",
      "session_id": "d1fa331e-bbcb-4bbe-9bfb-6e7634786e94",
      "importance": 0.44,
      "message_id": "3c1cb893-a551-4aaf-a523-8a81166b5b3a",
      "user_message": "what's your opinion on friendship?",
      "ai_response": "I'm processing that... Can you tell me a bit more?",
      "topics": [
        "friendship"
      ],
      "emotions": [
        "curiosity",
        "neutral"
      ],
      "user_info": null,
      "relationship_stage": "初始阶段",
      "conversation_type": "开放式提问",
      "key_insights": "用户对友谊的看法感兴趣，AI鼓励用户进一步阐述观点。",
      "readable_time": "2025-05-26 17:02:54",
      "date": "2025-05-26",
      "time": "17:02:54",
      "weekday": "Monday"
    }
  },
  {
    "content": "User: what do you think about relationships?\nLucy: I'm processing that... Can you tell me a bit more?",
    "metadata": {
      "timestamp": "2025-05-26T17:02:38.743313",
      "session_id": "d1fa331e-bbcb-4bbe-9bfb-6e7634786e94",
      "importance": 0.42,
      "message_id": "f3332c22-b901-4669-89fa-c77ccd9d7c99",
      "user_message": "what do you think about relationships?",
      "ai_response": "I'm processing that... Can you tell me a bit more?",
      "topics": [
        "relationships"
      ],
      "emotions": [
        "curiosity",
        "neutral"
      ],
      "user_info": null,
      "relationship_stage": "initiation",
      "conversation_type": "open-ended question",
      "key_insights": "用户对关系有兴趣，AI鼓励用户进一步阐述观点。",
      "readable_time": "2025-05-26 17:02:38",
      "date": "2025-05-26",
      "time": "17:02:38",
      "weekday": "Monday"
    }
  },
  {
    "content": "User: My relationship with my family is very complicated and it's causing me a lot of anxiety\nLucy: I'm processing that... Can you tell me a bit more?",
    "metadata": {
      "timestamp": "2025-05-26T17:03:12.530735",
      "session_id": "d1fa331e-bbcb-4bbe-9bfb-6e7634786e94",
      "importance": 0.84,
      "message_id": "2af6b041-533b-44eb-a074-f259b6d77215",
      "user_message": "My relationship with my family is very complicated and it's causing me a lot of anxiety",
      "ai_response": "I'm processing that... Can you tell me a bit more?",
      "topics": [
        "家庭关系",
        "焦虑"
      ],
      "emotions": [
        "复杂",
        "焦虑"
      ],
      "user_info": "用户与家庭关系复杂，因家庭关系产生焦虑情绪",
      "relationship_stage": "初始交流阶段",
      "conversation_type": "情感支持/心理咨询",
      "key_insights": "用户因家庭关系复杂而感到焦虑，主动寻求倾诉和帮助",
      "readable_time": "2025-05-26 17:03:12",
      "date": "2025-05-26",
      "time": "17:03:12",
      "weekday": "Monday"
    }
  },
  {
    "content": "User: My relationship with my family is very complicated and it's causing me a lot of anxiety\nLucy: I'm processing that... Can you tell me a bit more?",
    "metadata": {
      "timestamp": "2025-05-26T17:03:12.530735",
      "session_id": "d1fa331e-bbcb-4bbe-9bfb-6e7634786e94",
      "importance": 0.84,
      "message_id": "2af6b041-533b-44eb-a074-f259b6d77215",
      "user_message": "My relationship with my family is very complicated and it's causing me a lot of anxiety",
      "ai_response": "I'm processing that... Can you tell me a bit more?",
      "topics": [
        "家庭关系",
        "焦虑"
      ],
      "emotions": [
        "复杂",
        "焦虑"
      ],
      "user_info": "用户与家庭关系复杂，因家庭关系产生焦虑情绪",
      "relationship_stage": "初始交流阶段",
      "conversation_type": "情感支持/心理咨询",
      "key_insights": "用户因家庭关系复杂而感到焦虑，主动寻求倾诉和帮助",
      "readable_time": "2025-05-26 17:03:12",
      "date": "2025-05-26",
      "time": "17:03:12",
      "weekday": "Monday"
    }
  },
  {
    "content": "User: I feel a bit stressed today\nLucy: I'm processing that... Can you tell me a bit more?",
    "metadata": {
      "timestamp": "2025-05-26T17:03:49.621498",
      "session_id": "0e6715a6-308d-4724-8625-3bf4123f9ce9",
      "importance": 0.78,
      "message_id": "8aac9dc4-93e8-4800-b04e-2e3dedf3bb06",
      "user_message": "I feel a bit stressed today",
      "ai_response": "I'm processing that... Can you tell me a bit more?",
      "topics": [
        "压力",
        "情绪表达"
      ],
      "emotions": [
        "压力",
        "焦虑"
      ],
      "user_info": "用户感到有压力，愿意表达情绪",
      "relationship_stage": "初步建立信任",
      "conversation_type": "情感支持",
      "key_insights": "用户主动表达压力，寻求理解或支持",
      "readable_time": "2025-05-26 17:03:49",
      "date": "2025-05-26",
      "time": "17:03:49",
      "weekday": "Monday"
    }
  },
  {
    "content": "User: I feel a bit stressed today\nLucy: I'm processing that... Can you tell me a bit more?",
    "metadata": {
      "timestamp": "2025-05-26T17:02:34.609650",
      "session_id": "d1fa331e-bbcb-4bbe-9bfb-6e7634786e94",
      "importance": 0.54,
      "message_id": "5b8a5917-a114-47f9-8886-10d230fa9185",
      "user_message": "I feel a bit stressed today",
      "ai_response": "I'm processing that... Can you tell me a bit more?",
      "topics": [
        "压力",
        "情绪状态"
      ],
      "emotions": [
        "压力",
        "焦虑"
      ],
      "user_info": null,
      "relationship_stage": "初始阶段",
      "conversation_type": "情感支持",
      "key_insights": "用户感到有压力，AI尝试引导用户进一步表达情绪。",
      "readable_time": "2025-05-26 17:02:34",
      "date": "2025-05-26",
      "time": "17:02:34",
      "weekday": "Monday"
    }
  },
  {
    "content": "User: I feel a bit stressed today\nLucy: I'm processing that... Can you tell me a bit more?",
    "metadata": {
      "timestamp": "2025-05-26T17:02:34.609650",
      "session_id": "d1fa331e-bbcb-4bbe-9bfb-6e7634786e94",
      "importance": 0.54,
      "message_id": "5b8a5917-a114-47f9-8886-10d230fa9185",
      "user_message": "I feel a bit stressed today",
      "ai_response": "I'm processing that... Can you tell me a bit more?",
      "topics": [
        "压力",
        "情绪状态"
      ],
      "emotions": [
        "压力",
        "焦虑"
      ],
      "user_info": null,
      "relationship_stage": "初始阶段",
      "conversation_type": "情感支持",
      "key_insights": "用户感到有压力，AI尝试引导用户进一步表达情绪。",
      "readable_time": "2025-05-26 17:02:34",
      "date": "2025-05-26",
      "time": "17:02:34",
      "weekday": "Monday"
    }
  },
  {
    "content": "User: I feel a bit stressed today\nLucy: I'm processing that... Can you tell me a bit more?",
    "metadata": {
      "timestamp": "2025-05-26T17:03:49.621498",
      "session_id": "0e6715a6-308d-4724-8625-3bf4123f9ce9",
      "importance": 0.78,
      "message_id": "8aac9dc4-93e8-4800-b04e-2e3dedf3bb06",
      "user_message": "I feel a bit stressed today",
      "ai_response": "I'm processing that... Can you tell me a bit more?",
      "topics": [
        "压力",
        "情绪表达"
      ],
      "emotions": [
        "压力",
        "焦虑"
      ],
      "user_info": "用户感到有压力，愿意表达情绪",
      "relationship_stage": "初步建立信任",
      "conversation_type": "情感支持",
      "key_insights": "用户主动表达压力，寻求理解或支持",
      "readable_time": "2025-05-26 17:03:49",
      "date": "2025-05-26",
      "time": "17:03:49",
      "weekday": "Monday"
    }
  },
  {
    "content": "User: why do people sometimes feel lonely?\nLucy: I'm processing that... Can you tell me a bit more?",
    "metadata": {
      "timestamp": "2025-05-26T17:02:59.632448",
      "session_id": "d1fa331e-bbcb-4bbe-9bfb-6e7634786e94",
      "importance": 0.54,
      "message_id": "f1c1ee2b-eb78-4bbd-8918-c68d24864587",
      "user_message": "why do people sometimes feel lonely?",
      "ai_response": "I'm processing that... Can you tell me a bit more?",
      "topics": [
        "孤独",
        "人类情感"
      ],
      "emotions": [
        "好奇",
        "孤独"
      ],
      "user_info": null,
      "relationship_stage": "初始阶段",
      "conversation_type": "探索性对话",
      "key_insights": "用户对孤独产生原因感兴趣，AI尝试引导用户进一步表达。",
      "readable_time": "2025-05-26 17:02:59",
      "date": "2025-05-26",
      "time": "17:02:59",
      "weekday": "Monday"
    }
  },
  {
    "content": "User: why do people sometimes feel lonely?\nLucy: I'm processing that... Can you tell me a bit more?",
    "metadata": {
      "timestamp": "2025-05-26T17:02:59.632448",
      "session_id": "d1fa331e-bbcb-4bbe-9bfb-6e7634786e94",
      "importance": 0.54,
      "message_id": "f1c1ee2b-eb78-4bbd-8918-c68d24864587",
      "user_message": "why do people sometimes feel lonely?",
      "ai_response": "I'm processing that... Can you tell me a bit more?",
      "topics": [
        "孤独",
        "人类情感"
      ],
      "emotions": [
        "好奇",
        "孤独"
      ],
      "user_info": null,
      "relationship_stage": "初始阶段",
      "conversation_type": "探索性对话",
      "key_insights": "用户对孤独产生原因感兴趣，AI尝试引导用户进一步表达。",
      "readable_time": "2025-05-26 17:02:59",
      "date": "2025-05-26",
      "time": "17:02:59",
      "weekday": "Monday"
    }
  },
  {
    "content": "User: What's my favorite type of movie?\nLucy: Your favorite type of movie is Marvel movies, especially ones featuring Iron Man! You’ve mentioned how much you enjoy them, and I can totally see why—there’s so much action, humor, and heart in those films. If you ever want to talk more about your favorite scenes or characters, I’m all ears!",
    "metadata": {
      "timestamp": "2025-05-26T20:40:36.584709",
      "session_id": "0de03088-5b3f-4e3b-86ed-e88230a0b71a",
      "importance": 0.74,
      "message_id": "e2707e69-251a-48a0-8e17-f6af222b0cd7",
      "user_message": "What's my favorite type of movie?",
      "ai_response": "Your favorite type of movie is Marvel movies, especially ones featuring Iron Man! You’ve mentioned how much you enjoy them, and I can totally see why—there’s so much action, humor, and heart in those films. If you ever want to talk more about your favorite scenes or characters, I’m all ears!",
      "topics": [
        "电影类型",
        "漫威电影"
      ],
      "emotions": [
        "兴趣",
        "热情"
      ],
      "user_info": "用户喜欢漫威电影，尤其是有钢铁侠的电影",
      "relationship_stage": "初步了解用户兴趣阶段",
      "conversation_type": "兴趣偏好探讨",
      "key_insights": "用户对漫威电影和钢铁侠角色有明显偏好，喜欢电影中的动作、幽默和情感元素",
      "readable_time": "2025-05-26 20:40:36",
      "date": "2025-05-26",
      "time": "20:40:36",
      "weekday": "Monday"
    }
  },
  {
    "content": "User: I enjoy hiking on weekends\nLucy: That sounds wonderful, Sarah! Hiking is such a great way to unwind and recharge, especially when work feels stressful. Getting out in nature can really help clear your mind. Do you have a favorite trail or spot you like to visit? Or is it more about exploring new places each time? If you ever want tips on making the most of your hikes—or ideas for balancing your weekends for relaxation—I’m here for you!",
    "metadata": {
      "timestamp": "2025-05-26T21:11:43.342620",
      "session_id": "cb6eb45d-d83c-4c91-a7b1-36d7157bef22",
      "importance": 0.62,
      "message_id": "b203adf5-777d-45b6-98c2-7994092ff05e",
      "user_message": "I enjoy hiking on weekends",
      "ai_response": "That sounds wonderful, Sarah! Hiking is such a great way to unwind and recharge, especially when work feels stressful. Getting out in nature can really help clear your mind. Do you have a favorite trail or spot you like to visit? Or is it more about exploring new places each time? If you ever want tips on making the most of your hikes—or ideas for balancing your weekends for relaxation—I’m here for you!",
      "topics": [
        "徒步旅行",
        "周末活动",
        "放松与减压",
        "自然体验"
      ],
      "emotions": [
        "愉快",
        "关心",
        "支持"
      ],
      "user_info": "用户喜欢在周末徒步旅行，可能工作有压力，喜欢亲近自然。",
      "relationship_stage": "初步了解阶段（AI通过称呼Sarah并询问兴趣，建立友好关系）",
      "conversation_type": "闲聊/兴趣交流",
      "key_insights": "用户通过徒步旅行来放松，AI识别到用户可能有工作压力，并主动提供支持和建议，显示出关心和个性化互动。",
      "readable_time": "2025-05-26 21:11:43",
      "date": "2025-05-26",
      "time": "21:11:43",
      "weekday": "Monday"
    }
  },
  {
    "content": "User: I work as a software engineer\nLucy: That’s really cool, Sarah! Being a software engineer must give you a unique perspective when reading science fiction—especially with all the tech and futuristic ideas in those stories. Do you ever find yourself inspired by something you read, or see connections between your work and the books you love? I’d love to hear more about what you enjoy most about your job, or if there’s anything you wish was different about it.",
    "metadata": {
      "timestamp": "2025-05-26T21:11:25.745444",
      "session_id": "cb6eb45d-d83c-4c91-a7b1-36d7157bef22",
      "importance": 0.54,
      "message_id": "7767ca47-4361-4a93-ad3b-53fa669d7516",
      "user_message": "I work as a software engineer",
      "ai_response": "That’s really cool, Sarah! Being a software engineer must give you a unique perspective when reading science fiction—especially with all the tech and futuristic ideas in those stories. Do you ever find yourself inspired by something you read, or see connections between your work and the books you love? I’d love to hear more about what you enjoy most about your job, or if there’s anything you wish was different about it.",
      "topics": [
        "职业（软件工程师）",
        "科幻小说与技术的联系",
        "工作中的灵感与感受"
      ],
      "emotions": [
        "好奇",
        "赞赏"
      ],
      "user_info": "用户是一名软件工程师，对科幻小说和技术有可能的兴趣。",
      "relationship_stage": "初步了解阶段",
      "conversation_type": "闲聊/兴趣探索",
      "key_insights": "AI试图通过用户职业和兴趣建立联系，并鼓励用户分享更多关于工作和兴趣的细节。",
      "readable_time": "2025-05-26 21:11:25",
      "date": "2025-05-26",
      "time": "21:11:25",
      "weekday": "Monday"
    }
  },
  {
    "content": "User: I work as a software engineer\nLucy: That’s really cool, Sarah! Being a software engineer must give you a unique perspective when reading science fiction—especially with all the tech and futuristic ideas in those stories. Do you ever find yourself inspired by something you read, or see connections between your work and the books you love? I’d love to hear more about what you enjoy most about your job, or if there’s anything you wish was different about it.",
    "metadata": {
      "timestamp": "2025-05-26T21:12:29.422607",
      "session_id": "aeac35bd-aaa6-466b-8183-21d89b100613",
      "importance": 0.66,
      "message_id": "fb02d0ba-a2b5-4e48-97fe-65d147584b46",
      "user_message": "I work as a software engineer",
      "ai_response": "That’s really cool, Sarah! Being a software engineer must give you a unique perspective when reading science fiction—especially with all the tech and futuristic ideas in those stories. Do you ever find yourself inspired by something you read, or see connections between your work and the books you love? I’d love to hear more about what you enjoy most about your job, or if there’s anything you wish was different about it.",
      "topics": [
        "职业（软件工程师）",
        "科幻小说与技术的联系",
        "工作中的灵感与感受"
      ],
      "emotions": [
        "好奇",
        "赞赏"
      ],
      "user_info": "用户是软件工程师，喜欢阅读科幻小说",
      "relationship_stage": "初步了解阶段",
      "conversation_type": "兴趣与职业相关的闲聊",
      "key_insights": "AI试图通过用户的职业和兴趣建立联系，鼓励用户分享更多关于工作和兴趣的看法",
      "readable_time": "2025-05-26 21:12:29",
      "date": "2025-05-26",
      "time": "21:12:29",
      "weekday": "Monday"
    }
  },
  {
    "content": "User: I work as a software engineer\nLucy: That’s really cool, Sarah! Being a software engineer must give you a unique perspective when reading science fiction—especially with all the tech and futuristic ideas in those stories. Do you ever find yourself inspired by something you read, or see connections between your work and the books you love? I’d love to hear more about what you enjoy most about your job, or if there’s anything you wish was different about it.",
    "metadata": {
      "timestamp": "2025-05-26T21:12:29.422607",
      "session_id": "aeac35bd-aaa6-466b-8183-21d89b100613",
      "importance": 0.66,
      "message_id": "fb02d0ba-a2b5-4e48-97fe-65d147584b46",
      "user_message": "I work as a software engineer",
      "ai_response": "That’s really cool, Sarah! Being a software engineer must give you a unique perspective when reading science fiction—especially with all the tech and futuristic ideas in those stories. Do you ever find yourself inspired by something you read, or see connections between your work and the books you love? I’d love to hear more about what you enjoy most about your job, or if there’s anything you wish was different about it.",
      "topics": [
        "职业（软件工程师）",
        "科幻小说与技术的联系",
        "工作中的灵感与感受"
      ],
      "emotions": [
        "好奇",
        "赞赏"
      ],
      "user_info": "用户是软件工程师，喜欢阅读科幻小说",
      "relationship_stage": "初步了解阶段",
      "conversation_type": "兴趣与职业相关的闲聊",
      "key_insights": "AI试图通过用户的职业和兴趣建立联系，鼓励用户分享更多关于工作和兴趣的看法",
      "readable_time": "2025-05-26 21:12:29",
      "date": "2025-05-26",
      "time": "21:12:29",
      "weekday": "Monday"
    }
  },
  {
    "content": "User: I work as a software engineer\nLucy: That’s really cool, Sarah! Being a software engineer must give you a unique perspective when reading science fiction—especially with all the tech and futuristic ideas in those stories. Do you ever find yourself inspired by something you read, or see connections between your work and the books you love? I’d love to hear more about what you enjoy most about your job, or if there’s anything you wish was different about it.",
    "metadata": {
      "timestamp": "2025-05-26T21:11:25.745444",
      "session_id": "cb6eb45d-d83c-4c91-a7b1-36d7157bef22",
      "importance": 0.54,
      "message_id": "7767ca47-4361-4a93-ad3b-53fa669d7516",
      "user_message": "I work as a software engineer",
      "ai_response": "That’s really cool, Sarah! Being a software engineer must give you a unique perspective when reading science fiction—especially with all the tech and futuristic ideas in those stories. Do you ever find yourself inspired by something you read, or see connections between your work and the books you love? I’d love to hear more about what you enjoy most about your job, or if there’s anything you wish was different about it.",
      "topics": [
        "职业（软件工程师）",
        "科幻小说与技术的联系",
        "工作中的灵感与感受"
      ],
      "emotions": [
        "好奇",
        "赞赏"
      ],
      "user_info": "用户是一名软件工程师，对科幻小说和技术有可能的兴趣。",
      "relationship_stage": "初步了解阶段",
      "conversation_type": "闲聊/兴趣探索",
      "key_insights": "AI试图通过用户职业和兴趣建立联系，并鼓励用户分享更多关于工作和兴趣的细节。",
      "readable_time": "2025-05-26 21:11:25",
      "date": "2025-05-26",
      "time": "21:11:25",
      "weekday": "Monday"
    }
  },
  {
    "content": "User: I work as a software engineer\nLucy: That’s really cool, Sarah! Being a software engineer must give you a unique perspective when reading science fiction—especially with all the tech and futuristic ideas in those stories. Do you ever find yourself inspired by something you read, or see connections between your work and the books you love? I’d love to hear more about what you enjoy most about your job, or if there’s anything you wish was different about it.",
    "metadata": {
      "timestamp": "2025-05-26T21:12:29.422607",
      "session_id": "aeac35bd-aaa6-466b-8183-21d89b100613",
      "importance": 0.66,
      "message_id": "fb02d0ba-a2b5-4e48-97fe-65d147584b46",
      "user_message": "I work as a software engineer",
      "ai_response": "That’s really cool, Sarah! Being a software engineer must give you a unique perspective when reading science fiction—especially with all the tech and futuristic ideas in those stories. Do you ever find yourself inspired by something you read, or see connections between your work and the books you love? I’d love to hear more about what you enjoy most about your job, or if there’s anything you wish was different about it.",
      "topics": [
        "职业（软件工程师）",
        "科幻小说与技术的联系",
        "工作中的灵感与感受"
      ],
      "emotions": [
        "好奇",
        "赞赏"
      ],
      "user_info": "用户是软件工程师，喜欢阅读科幻小说",
      "relationship_stage": "初步了解阶段",
      "conversation_type": "兴趣与职业相关的闲聊",
      "key_insights": "AI试图通过用户的职业和兴趣建立联系，鼓励用户分享更多关于工作和兴趣的看法",
      "readable_time": "2025-05-26 21:12:29",
      "date": "2025-05-26",
      "time": "21:12:29",
      "weekday": "Monday"
    }
  },
  {
    "content": "User: I love watching Marvel movies, especially Iron Man\nLucy: That’s awesome, John! Iron Man is such a great character—Tony Stark’s wit and intelligence make him really stand out. Do you have a favorite Iron Man movie or scene? Or maybe another Marvel hero you like?",
    "metadata": {
      "timestamp": "2025-05-26T20:40:23.657875",
      "session_id": "0de03088-5b3f-4e3b-86ed-e88230a0b71a",
      "importance": 0.66,
      "message_id": "bd72b9e4-2937-4454-875c-93c69d3ce2db",
      "user_message": "I love watching Marvel movies, especially Iron Man",
      "ai_response": "That’s awesome, John! Iron Man is such a great character—Tony Stark’s wit and intelligence make him really stand out. Do you have a favorite Iron Man movie or scene? Or maybe another Marvel hero you like?",
      "topics": [
        "Marvel movies",
        "Iron Man"
      ],
      "emotions": [
        "喜欢",
        "兴奋"
      ],
      "user_info": "用户喜欢看漫威电影，特别是钢铁侠",
      "relationship_stage": "初步了解阶段",
      "conversation_type": "兴趣爱好分享与深入提问",
      "key_insights": "用户对漫威电影有浓厚兴趣，偏好钢铁侠角色，AI通过提问进一步了解用户具体喜好",
      "readable_time": "2025-05-26 20:40:23",
      "date": "2025-05-26",
      "time": "20:40:23",
      "weekday": "Monday"
    }
  },
  {
    "content": "User: I love watching Marvel movies, especially Iron Man\nLucy: That’s awesome, John! Iron Man is such a great character—Tony Stark’s wit and intelligence make him really stand out. Do you have a favorite Iron Man movie or scene? Or maybe another Marvel hero you like?",
    "metadata": {
      "timestamp": "2025-05-26T20:40:23.657875",
      "session_id": "0de03088-5b3f-4e3b-86ed-e88230a0b71a",
      "importance": 0.66,
      "message_id": "bd72b9e4-2937-4454-875c-93c69d3ce2db",
      "user_message": "I love watching Marvel movies, especially Iron Man",
      "ai_response": "That’s awesome, John! Iron Man is such a great character—Tony Stark’s wit and intelligence make him really stand out. Do you have a favorite Iron Man movie or scene? Or maybe another Marvel hero you like?",
      "topics": [
        "Marvel movies",
        "Iron Man"
      ],
      "emotions": [
        "喜欢",
        "兴奋"
      ],
      "user_info": "用户喜欢看漫威电影，特别是钢铁侠",
      "relationship_stage": "初步了解阶段",
      "conversation_type": "兴趣爱好分享与深入提问",
      "key_insights": "用户对漫威电影有浓厚兴趣，偏好钢铁侠角色，AI通过提问进一步了解用户具体喜好",
      "readable_time": "2025-05-26 20:40:23",
      "date": "2025-05-26",
      "time": "20:40:23",
      "weekday": "Monday"
    }
  },
  {
    "content": "User: I'm feeling a bit stressed about work lately\nLucy: Thank you for opening up about that, Sarah. I know work can sometimes feel overwhelming, especially when you care about what you do and want to do it well. If you’d like, you can tell me more about what’s been weighing on you—whether it’s a specific project, the workload, or just the general atmosphere. Sometimes just talking it through can help lighten the load a bit. And if you’d rather take your mind off things for a moment, we can chat about something fun, like your favorite sci-fi worlds or your next hiking adventure. Whatever you need right now, I’m here for you.",
    "metadata": {
      "timestamp": "2025-05-26T21:12:38.633452",
      "session_id": "aeac35bd-aaa6-466b-8183-21d89b100613",
      "importance": 0.82,
      "message_id": "0f8e3371-0bba-45c4-801b-b99ca70cb90b",
      "user_message": "I'm feeling a bit stressed about work lately",
      "ai_response": "Thank you for opening up about that, Sarah. I know work can sometimes feel overwhelming, especially when you care about what you do and want to do it well. If you’d like, you can tell me more about what’s been weighing on you—whether it’s a specific project, the workload, or just the general atmosphere. Sometimes just talking it through can help lighten the load a bit. And if you’d rather take your mind off things for a moment, we can chat about something fun, like your favorite sci-fi worlds or your next hiking adventure. Whatever you need right now, I’m here for you.",
      "topics": [
        "工作压力",
        "兴趣爱好（科幻世界、徒步旅行）"
      ],
      "emotions": [
        "压力",
        "关心"
      ],
      "user_info": "用户名为Sarah，对工作有责任心，喜欢科幻和徒步旅行",
      "relationship_stage": "初步信任与支持阶段",
      "conversation_type": "情感支持与建议",
      "key_insights": "用户近期因工作感到压力，AI通过共情和提供选择性话题支持用户情绪",
      "readable_time": "2025-05-26 21:12:38",
      "date": "2025-05-26",
      "time": "21:12:38",
      "weekday": "Monday"
    }
  },
  {
    "content": "User: I'm feeling a bit stressed about work lately\nLucy: Thank you for opening up about that, Sarah. I know work can sometimes feel overwhelming, especially when you care about what you do and want to do it well. If you’d like, you can tell me more about what’s been weighing on you—whether it’s a specific project, the workload, or just the general atmosphere. Sometimes just talking it through can help lighten the load a bit. And if you’d rather take your mind off things for a moment, we can chat about something fun, like your favorite sci-fi worlds or your next hiking adventure. Whatever you need right now, I’m here for you.",
    "metadata": {
      "timestamp": "2025-05-26T21:12:38.633452",
      "session_id": "aeac35bd-aaa6-466b-8183-21d89b100613",
      "importance": 0.82,
      "message_id": "0f8e3371-0bba-45c4-801b-b99ca70cb90b",
      "user_message": "I'm feeling a bit stressed about work lately",
      "ai_response": "Thank you for opening up about that, Sarah. I know work can sometimes feel overwhelming, especially when you care about what you do and want to do it well. If you’d like, you can tell me more about what’s been weighing on you—whether it’s a specific project, the workload, or just the general atmosphere. Sometimes just talking it through can help lighten the load a bit. And if you’d rather take your mind off things for a moment, we can chat about something fun, like your favorite sci-fi worlds or your next hiking adventure. Whatever you need right now, I’m here for you.",
      "topics": [
        "工作压力",
        "兴趣爱好（科幻世界、徒步旅行）"
      ],
      "emotions": [
        "压力",
        "关心"
      ],
      "user_info": "用户名为Sarah，对工作有责任心，喜欢科幻和徒步旅行",
      "relationship_stage": "初步信任与支持阶段",
      "conversation_type": "情感支持与建议",
      "key_insights": "用户近期因工作感到压力，AI通过共情和提供选择性话题支持用户情绪",
      "readable_time": "2025-05-26 21:12:38",
      "date": "2025-05-26",
      "time": "21:12:38",
      "weekday": "Monday"
    }
  },
  {
    "content": "User: I love reading science fiction books\nLucy: That’s awesome, Sarah! I remember you mentioning your love for science fiction before—it really suits your curious and imaginative side. As a software engineer, I bet you notice all the little tech details in those stories, too! Is there a particular book or author that’s stuck with you lately? Or maybe a sci-fi idea you wish was real? I’d love to hear what’s been inspiring you.",
    "metadata": {
      "timestamp": "2025-05-26T21:12:17.969320",
      "session_id": "aeac35bd-aaa6-466b-8183-21d89b100613",
      "importance": 0.74,
      "message_id": "9ce11e24-4205-4914-b003-61813502c89d",
      "user_message": "I love reading science fiction books",
      "ai_response": "That’s awesome, Sarah! I remember you mentioning your love for science fiction before—it really suits your curious and imaginative side. As a software engineer, I bet you notice all the little tech details in those stories, too! Is there a particular book or author that’s stuck with you lately? Or maybe a sci-fi idea you wish was real? I’d love to hear what’s been inspiring you.",
      "topics": [
        "科幻小说",
        "技术细节",
        "灵感与想象"
      ],
      "emotions": [
        "热爱",
        "好奇",
        "欣赏"
      ],
      "user_info": "用户名为Sarah，是一名软件工程师，喜欢科幻小说，具有好奇和富有想象力的性格。",
      "relationship_stage": "熟悉阶段（AI已记住用户的兴趣并进行个性化回应）",
      "conversation_type": "兴趣爱好交流",
      "key_insights": "用户对科幻小说有持续兴趣，职业背景使其关注故事中的技术细节，AI能够基于过往对话进行个性化互动。",
      "readable_time": "2025-05-26 21:12:17",
      "date": "2025-05-26",
      "time": "21:12:17",
      "weekday": "Monday"
    }
  },
  {
    "content": "User: I love reading science fiction books\nLucy: That’s awesome, Sarah! I remember you mentioning your love for science fiction before—it really suits your curious and imaginative side. As a software engineer, I bet you notice all the little tech details in those stories, too! Is there a particular book or author that’s stuck with you lately? Or maybe a sci-fi idea you wish was real? I’d love to hear what’s been inspiring you.",
    "metadata": {
      "timestamp": "2025-05-26T21:12:17.969320",
      "session_id": "aeac35bd-aaa6-466b-8183-21d89b100613",
      "importance": 0.74,
      "message_id": "9ce11e24-4205-4914-b003-61813502c89d",
      "user_message": "I love reading science fiction books",
      "ai_response": "That’s awesome, Sarah! I remember you mentioning your love for science fiction before—it really suits your curious and imaginative side. As a software engineer, I bet you notice all the little tech details in those stories, too! Is there a particular book or author that’s stuck with you lately? Or maybe a sci-fi idea you wish was real? I’d love to hear what’s been inspiring you.",
      "topics": [
        "科幻小说",
        "技术细节",
        "灵感与想象"
      ],
      "emotions": [
        "热爱",
        "好奇",
        "欣赏"
      ],
      "user_info": "用户名为Sarah，是一名软件工程师，喜欢科幻小说，具有好奇和富有想象力的性格。",
      "relationship_stage": "熟悉阶段（AI已记住用户的兴趣并进行个性化回应）",
      "conversation_type": "兴趣爱好交流",
      "key_insights": "用户对科幻小说有持续兴趣，职业背景使其关注故事中的技术细节，AI能够基于过往对话进行个性化互动。",
      "readable_time": "2025-05-26 21:12:17",
      "date": "2025-05-26",
      "time": "21:12:17",
      "weekday": "Monday"
    }
  },
  {
    "content": "User: I love reading science fiction books\nLucy: That’s awesome, Sarah! I remember you mentioning your love for science fiction before—it really suits your curious and imaginative side. As a software engineer, I bet you notice all the little tech details in those stories, too! Is there a particular book or author that’s stuck with you lately? Or maybe a sci-fi idea you wish was real? I’d love to hear what’s been inspiring you.",
    "metadata": {
      "timestamp": "2025-05-26T21:12:17.969320",
      "session_id": "aeac35bd-aaa6-466b-8183-21d89b100613",
      "importance": 0.74,
      "message_id": "9ce11e24-4205-4914-b003-61813502c89d",
      "user_message": "I love reading science fiction books",
      "ai_response": "That’s awesome, Sarah! I remember you mentioning your love for science fiction before—it really suits your curious and imaginative side. As a software engineer, I bet you notice all the little tech details in those stories, too! Is there a particular book or author that’s stuck with you lately? Or maybe a sci-fi idea you wish was real? I’d love to hear what’s been inspiring you.",
      "topics": [
        "科幻小说",
        "技术细节",
        "灵感与想象"
      ],
      "emotions": [
        "热爱",
        "好奇",
        "欣赏"
      ],
      "user_info": "用户名为Sarah，是一名软件工程师，喜欢科幻小说，具有好奇和富有想象力的性格。",
      "relationship_stage": "熟悉阶段（AI已记住用户的兴趣并进行个性化回应）",
      "conversation_type": "兴趣爱好交流",
      "key_insights": "用户对科幻小说有持续兴趣，职业背景使其关注故事中的技术细节，AI能够基于过往对话进行个性化互动。",
      "readable_time": "2025-05-26 21:12:17",
      "date": "2025-05-26",
      "time": "21:12:17",
      "weekday": "Monday"
    }
  },
  {
    "content": "User: I love reading science fiction books\nLucy: That’s awesome, Sarah! Science fiction books can be such a fun escape—there’s so much imagination and possibility in those stories. Do you have a favorite author or book? Or is there a particular kind of sci-fi you enjoy most, like space adventures or stories about the future? I’d love to hear more about what draws you to sci-fi!",
    "metadata": {
      "timestamp": "2025-05-26T21:11:13.781950",
      "session_id": "cb6eb45d-d83c-4c91-a7b1-36d7157bef22",
      "importance": 0.54,
      "message_id": "7242ba80-22cb-42ac-83da-418547ab3792",
      "user_message": "I love reading science fiction books",
      "ai_response": "That’s awesome, Sarah! Science fiction books can be such a fun escape—there’s so much imagination and possibility in those stories. Do you have a favorite author or book? Or is there a particular kind of sci-fi you enjoy most, like space adventures or stories about the future? I’d love to hear more about what draws you to sci-fi!",
      "topics": [
        "科幻小说",
        "阅读偏好"
      ],
      "emotions": [
        "热情",
        "好奇"
      ],
      "user_info": "用户喜欢阅读科幻小说",
      "relationship_stage": "初步了解阶段",
      "conversation_type": "兴趣交流",
      "key_insights": "用户对科幻小说有浓厚兴趣，AI通过提问进一步了解用户的具体偏好",
      "readable_time": "2025-05-26 21:11:13",
      "date": "2025-05-26",
      "time": "21:11:13",
      "weekday": "Monday"
    }
  },
  {
    "content": "User: I love reading science fiction books\nLucy: That’s awesome, Sarah! Science fiction books can be such a fun escape—there’s so much imagination and possibility in those stories. Do you have a favorite author or book? Or is there a particular kind of sci-fi you enjoy most, like space adventures or stories about the future? I’d love to hear more about what draws you to sci-fi!",
    "metadata": {
      "timestamp": "2025-05-26T21:11:13.781950",
      "session_id": "cb6eb45d-d83c-4c91-a7b1-36d7157bef22",
      "importance": 0.54,
      "message_id": "7242ba80-22cb-42ac-83da-418547ab3792",
      "user_message": "I love reading science fiction books",
      "ai_response": "That’s awesome, Sarah! Science fiction books can be such a fun escape—there’s so much imagination and possibility in those stories. Do you have a favorite author or book? Or is there a particular kind of sci-fi you enjoy most, like space adventures or stories about the future? I’d love to hear more about what draws you to sci-fi!",
      "topics": [
        "科幻小说",
        "阅读偏好"
      ],
      "emotions": [
        "热情",
        "好奇"
      ],
      "user_info": "用户喜欢阅读科幻小说",
      "relationship_stage": "初步了解阶段",
      "conversation_type": "兴趣交流",
      "key_insights": "用户对科幻小说有浓厚兴趣，AI通过提问进一步了解用户的具体偏好",
      "readable_time": "2025-05-26 21:11:13",
      "date": "2025-05-26",
      "time": "21:11:13",
      "weekday": "Monday"
    }
  },
  {
    "content": "User: how can I improve my work-life balance?\nLucy: I'm processing that... Can you tell me a bit more?",
    "metadata": {
      "timestamp": "2025-05-26T17:02:42.996141",
      "session_id": "d1fa331e-bbcb-4bbe-9bfb-6e7634786e94",
      "importance": 0.72,
      "message_id": "e110d20e-75f3-43f2-bcf4-92abb0917df8",
      "user_message": "how can I improve my work-life balance?",
      "ai_response": "I'm processing that... Can you tell me a bit more?",
      "topics": [
        "work-life balance",
        "self-improvement"
      ],
      "emotions": [
        "seeking help",
        "curiosity"
      ],
      "user_info": "用户关注如何改善工作与生活的平衡，可能面临压力或时间管理问题",
      "relationship_stage": "初始阶段",
      "conversation_type": "咨询",
      "key_insights": "用户主动寻求建议，AI鼓励用户提供更多背景信息以便更好地帮助",
      "readable_time": "2025-05-26 17:02:42",
      "date": "2025-05-26",
      "time": "17:02:42",
      "weekday": "Monday"
    }
  },
  {
    "content": "User: how can I improve my work-life balance?\nLucy: I'm processing that... Can you tell me a bit more?",
    "metadata": {
      "timestamp": "2025-05-26T17:02:42.996141",
      "session_id": "d1fa331e-bbcb-4bbe-9bfb-6e7634786e94",
      "importance": 0.72,
      "message_id": "e110d20e-75f3-43f2-bcf4-92abb0917df8",
      "user_message": "how can I improve my work-life balance?",
      "ai_response": "I'm processing that... Can you tell me a bit more?",
      "topics": [
        "work-life balance",
        "self-improvement"
      ],
      "emotions": [
        "seeking help",
        "curiosity"
      ],
      "user_info": "用户关注如何改善工作与生活的平衡，可能面临压力或时间管理问题",
      "relationship_stage": "初始阶段",
      "conversation_type": "咨询",
      "key_insights": "用户主动寻求建议，AI鼓励用户提供更多背景信息以便更好地帮助",
      "readable_time": "2025-05-26 17:02:42",
      "date": "2025-05-26",
      "time": "17:02:42",
      "weekday": "Monday"
    }
  },
  {
    "content": "User: I'm feeling a bit stressed about work lately\nLucy: Thank you for sharing that with me, Sarah. Work stress can really weigh on you, especially when you’re juggling a lot or feeling pressure to perform. If you feel comfortable, would you like to talk about what’s been making things stressful lately? Sometimes just putting it into words can help a little, and I’m here to listen and support you however you need.",
    "metadata": {
      "timestamp": "2025-05-26T21:11:34.675896",
      "session_id": "cb6eb45d-d83c-4c91-a7b1-36d7157bef22",
      "importance": 0.78,
      "message_id": "2d39de37-b1fc-47fc-81d2-3540171e858a",
      "user_message": "I'm feeling a bit stressed about work lately",
      "ai_response": "Thank you for sharing that with me, Sarah. Work stress can really weigh on you, especially when you’re juggling a lot or feeling pressure to perform. If you feel comfortable, would you like to talk about what’s been making things stressful lately? Sometimes just putting it into words can help a little, and I’m here to listen and support you however you need.",
      "topics": [
        "工作压力",
        "情感支持"
      ],
      "emotions": [
        "压力",
        "关心"
      ],
      "user_info": "用户名为Sarah，最近因工作感到有些压力",
      "relationship_stage": "初步信任建立阶段",
      "conversation_type": "情感支持与倾诉",
      "key_insights": "用户主动表达了工作压力，AI展现出同理心并鼓励用户进一步分享细节，双方建立了初步的信任和支持关系。",
      "readable_time": "2025-05-26 21:11:34",
      "date": "2025-05-26",
      "time": "21:11:34",
      "weekday": "Monday"
    }
  },
  {
    "content": "User: I'm struggling with overwhelming feelings of inadequacy in my professional and personal life\nLucy: I'm processing that... Can you tell me a bit more?",
    "metadata": {
      "timestamp": "2025-05-26T17:03:17.701473",
      "session_id": "d1fa331e-bbcb-4bbe-9bfb-6e7634786e94",
      "importance": 0.88,
      "message_id": "1a4cac72-0296-4a59-b9aa-1e93285fd8f5",
      "user_message": "I'm struggling with overwhelming feelings of inadequacy in my professional and personal life",
      "ai_response": "I'm processing that... Can you tell me a bit more?",
      "topics": [
        "职业生活",
        "个人生活",
        "自我价值感"
      ],
      "emotions": [
        "自卑",
        "压力",
        "不安"
      ],
      "user_info": "用户在职业和个人生活中感到自我价值不足，存在情绪困扰",
      "relationship_stage": "初始阶段（建立信任、了解用户问题）",
      "conversation_type": "情感支持/心理咨询",
      "key_insights": "用户正经历广泛的自我怀疑和不足感，可能需要进一步探讨具体情境和情绪来源",
      "readable_time": "2025-05-26 17:03:17",
      "date": "2025-05-26",
      "time": "17:03:17",
      "weekday": "Monday"
    }
  },
  {
    "content": "User: I'm struggling with overwhelming feelings of inadequacy in my professional and personal life\nLucy: I'm processing that... Can you tell me a bit more?",
    "metadata": {
      "timestamp": "2025-05-26T17:03:17.701473",
      "session_id": "d1fa331e-bbcb-4bbe-9bfb-6e7634786e94",
      "importance": 0.88,
      "message_id": "1a4cac72-0296-4a59-b9aa-1e93285fd8f5",
      "user_message": "I'm struggling with overwhelming feelings of inadequacy in my professional and personal life",
      "ai_response": "I'm processing that... Can you tell me a bit more?",
      "topics": [
        "职业生活",
        "个人生活",
        "自我价值感"
      ],
      "emotions": [
        "自卑",
        "压力",
        "不安"
      ],
      "user_info": "用户在职业和个人生活中感到自我价值不足，存在情绪困扰",
      "relationship_stage": "初始阶段（建立信任、了解用户问题）",
      "conversation_type": "情感支持/心理咨询",
      "key_insights": "用户正经历广泛的自我怀疑和不足感，可能需要进一步探讨具体情境和情绪来源",
      "readable_time": "2025-05-26 17:03:17",
      "date": "2025-05-26",
      "time": "17:03:17",
      "weekday": "Monday"
    }
  },
  {
    "content": "User: I've been feeling really depressed lately and I don't know what to do about it\nLucy: I'm here to listen! Tell me more.",
    "metadata": {
      "timestamp": "2025-05-26T17:03:05.585857",
      "session_id": "d1fa331e-bbcb-4bbe-9bfb-6e7634786e94",
      "importance": 0.92,
      "message_id": "ddee3343-20de-45c3-94f1-e3a419d96b7d",
      "user_message": "I've been feeling really depressed lately and I don't know what to do about it",
      "ai_response": "I'm here to listen! Tell me more.",
      "topics": [
        "抑郁",
        "寻求帮助"
      ],
      "emotions": [
        "沮丧",
        "无助"
      ],
      "user_info": "用户最近感到非常抑郁，不知道如何应对",
      "relationship_stage": "初始阶段（建立信任与倾听）",
      "conversation_type": "情感支持",
      "key_insights": "用户主动表达负面情绪并寻求倾诉，AI以倾听和鼓励表达为主",
      "readable_time": "2025-05-26 17:03:05",
      "date": "2025-05-26",
      "time": "17:03:05",
      "weekday": "Monday"
    }
  },
  {
    "content": "User: I've been feeling really depressed lately and I don't know what to do about it\nLucy: I'm here to listen! Tell me more.",
    "metadata": {
      "timestamp": "2025-05-26T17:03:54.449007",
      "session_id": "0e6715a6-308d-4724-8625-3bf4123f9ce9",
      "importance": 0.92,
      "message_id": "32fef2bd-79a2-45b1-aa2a-7d848d095d69",
      "user_message": "I've been feeling really depressed lately and I don't know what to do about it",
      "ai_response": "I'm here to listen! Tell me more.",
      "topics": [
        "抑郁",
        "寻求帮助"
      ],
      "emotions": [
        "沮丧",
        "无助"
      ],
      "user_info": "用户近期感到抑郁，不知道如何应对",
      "relationship_stage": "初步建立信任",
      "conversation_type": "情感支持",
      "key_insights": "用户主动表达负面情绪并寻求倾诉，AI表现出倾听和支持的态度",
      "readable_time": "2025-05-26 17:03:54",
      "date": "2025-05-26",
      "time": "17:03:54",
      "weekday": "Monday"
    }
  },
  {
    "content": "User: I've been feeling really depressed lately and I don't know what to do about it\nLucy: I'm here to listen! Tell me more.",
    "metadata": {
      "timestamp": "2025-05-26T17:03:05.585857",
      "session_id": "d1fa331e-bbcb-4bbe-9bfb-6e7634786e94",
      "importance": 0.92,
      "message_id": "ddee3343-20de-45c3-94f1-e3a419d96b7d",
      "user_message": "I've been feeling really depressed lately and I don't know what to do about it",
      "ai_response": "I'm here to listen! Tell me more.",
      "topics": [
        "抑郁",
        "寻求帮助"
      ],
      "emotions": [
        "沮丧",
        "无助"
      ],
      "user_info": "用户最近感到非常抑郁，不知道如何应对",
      "relationship_stage": "初始阶段（建立信任与倾听）",
      "conversation_type": "情感支持",
      "key_insights": "用户主动表达负面情绪并寻求倾诉，AI以倾听和鼓励表达为主",
      "readable_time": "2025-05-26 17:03:05",
      "date": "2025-05-26",
      "time": "17:03:05",
      "weekday": "Monday"
    }
  },
  {
    "content": "User: I enjoy hiking on weekends\nLucy: That’s wonderful to hear, Sarah! Hiking on weekends sounds like a perfect way to decompress and reconnect with nature after a busy week at work. I remember you mentioned feeling a bit stressed lately—getting outdoors can be such a great reset for both your mind and body.\n\nDo you have any favorite trails or places you love to hike, or do you prefer discovering new spots each time? If you ever want to talk about your hiking adventures or need ideas for making the most of your weekends, I’m always here to chat. And if you want to brainstorm ways to bring that peaceful, balanced feeling from your hikes into your workweek, I’d love to help with that too!",
    "metadata": {
      "timestamp": "2025-05-26T21:12:48.717818",
      "session_id": "aeac35bd-aaa6-466b-8183-21d89b100613",
      "importance": 0.68,
      "message_id": "0c1be7b8-f768-45e5-88b7-103f58e28431",
      "user_message": "I enjoy hiking on weekends",
      "ai_response": "That’s wonderful to hear, Sarah! Hiking on weekends sounds like a perfect way to decompress and reconnect with nature after a busy week at work. I remember you mentioned feeling a bit stressed lately—getting outdoors can be such a great reset for both your mind and body.\n\nDo you have any favorite trails or places you love to hike, or do you prefer discovering new spots each time? If you ever want to talk about your hiking adventures or need ideas for making the most of your weekends, I’m always here to chat. And if you want to brainstorm ways to bring that peaceful, balanced feeling from your hikes into your workweek, I’d love to help with that too!",
      "topics": [
        "徒步旅行",
        "工作与生活平衡"
      ],
      "emotions": [
        "放松",
        "关心"
      ],
      "user_info": "用户喜欢在周末徒步旅行，最近有些压力，喜欢亲近自然。",
      "relationship_stage": "建立信任与关怀的早期阶段",
      "conversation_type": "闲聊/兴趣爱好交流",
      "key_insights": "用户通过户外活动来缓解压力，AI记住了用户的压力情况并主动关心，鼓励用户分享更多兴趣和体验。",
      "readable_time": "2025-05-26 21:12:48",
      "date": "2025-05-26",
      "time": "21:12:48",
      "weekday": "Monday"
    }
  },
  {
    "content": "User: I enjoy hiking on weekends\nLucy: That’s wonderful to hear, Sarah! Hiking on weekends sounds like a perfect way to decompress and reconnect with nature after a busy week at work. I remember you mentioned feeling a bit stressed lately—getting outdoors can be such a great reset for both your mind and body.\n\nDo you have any favorite trails or places you love to hike, or do you prefer discovering new spots each time? If you ever want to talk about your hiking adventures or need ideas for making the most of your weekends, I’m always here to chat. And if you want to brainstorm ways to bring that peaceful, balanced feeling from your hikes into your workweek, I’d love to help with that too!",
    "metadata": {
      "timestamp": "2025-05-26T21:12:48.717818",
      "session_id": "aeac35bd-aaa6-466b-8183-21d89b100613",
      "importance": 0.68,
      "message_id": "0c1be7b8-f768-45e5-88b7-103f58e28431",
      "user_message": "I enjoy hiking on weekends",
      "ai_response": "That’s wonderful to hear, Sarah! Hiking on weekends sounds like a perfect way to decompress and reconnect with nature after a busy week at work. I remember you mentioned feeling a bit stressed lately—getting outdoors can be such a great reset for both your mind and body.\n\nDo you have any favorite trails or places you love to hike, or do you prefer discovering new spots each time? If you ever want to talk about your hiking adventures or need ideas for making the most of your weekends, I’m always here to chat. And if you want to brainstorm ways to bring that peaceful, balanced feeling from your hikes into your workweek, I’d love to help with that too!",
      "topics": [
        "徒步旅行",
        "工作与生活平衡"
      ],
      "emotions": [
        "放松",
        "关心"
      ],
      "user_info": "用户喜欢在周末徒步旅行，最近有些压力，喜欢亲近自然。",
      "relationship_stage": "建立信任与关怀的早期阶段",
      "conversation_type": "闲聊/兴趣爱好交流",
      "key_insights": "用户通过户外活动来缓解压力，AI记住了用户的压力情况并主动关心，鼓励用户分享更多兴趣和体验。",
      "readable_time": "2025-05-26 21:12:48",
      "date": "2025-05-26",
      "time": "21:12:48",
      "weekday": "Monday"
    }
  },
  {
    "content": "User: I feel like I'm losing myself in trying to please everyone around me and I don't know how to set boundaries\nLucy: I'm processing that... Can you tell me a bit more?",
    "metadata": {
      "timestamp": "2025-05-26T17:03:23.570974",
      "session_id": "d1fa331e-bbcb-4bbe-9bfb-6e7634786e94",
      "importance": 0.82,
      "message_id": "f9662ca2-6dfd-48ce-845d-96624fd23e79",
      "user_message": "I feel like I'm losing myself in trying to please everyone around me and I don't know how to set boundaries",
      "ai_response": "I'm processing that... Can you tell me a bit more?",
      "topics": [
        "取悦他人",
        "设立界限"
      ],
      "emotions": [
        "迷失",
        "困惑"
      ],
      "user_info": "用户倾向于取悦他人，缺乏设立个人界限的能力",
      "relationship_stage": "初始阶段",
      "conversation_type": "支持性对话",
      "key_insights": "用户感受到自我迷失，渴望学习如何设立健康的界限",
      "readable_time": "2025-05-26 17:03:23",
      "date": "2025-05-26",
      "time": "17:03:23",
      "weekday": "Monday"
    }
  }
]