{
  "user_id": "default_user",
  "cleanup_time": "2025-05-30T15:58:51.641652",
  "final_structure": {
    "short_term": {
      "file_count": 1,
      "files": [
        "session_20250530_154726.json"
      ]
    },
    "medium_term": {
      "file_count": 0,
      "files": []
    },
    "long_term": {
      "file_count": 1,
      "files": [
        "user_profile.json"
      ]
    },
    "metadata": {
      "file_count": 1,
      "files": [
        "user_metadata.json"
      ]
    }
  },
  "memory_stats": {
    "total_files": 3,
    "structure_valid": true,
    "format_compliance": {
      "stm_format_valid": true,
      "mtm_format_valid": false,
      "ltm_format_valid": true,
      "ltm_privacy_compliant": true
    }
  }
}