[
  {
    "content": "第一次见面印象:\n用户: Hi, my name is Alice and I'm a teacher...\nLucy回复: Hi Alice! It’s wonderful to meet you. Being a teacher is such an important and meaningful role. How ...\n初步观察: 这是我们第一次交流，用户似乎主动友好。",
    "metadata": {
      "type": "first_impression",
      "timestamp": "2025-05-27T10:05:55.783097",
      "session_id": "b488a2ee-377f-4c5e-b131-0a85fb89e67e",
      "importance": 0.9,
      "user_id": "alice"
    }
  }
]